,club_id,name,pretty_name,domestic_competition_id,total_market_value,squad_size,average_age,foreigners_number,foreigners_percentage,national_team_players,stadium_name,stadium_seats,net_transfer_record,coach_name,url
0,1032,fc-reading,Fc Reading,GB1,33.66,26,25.9,12,46.2,6,Select Car Leasing Stadium,24161,+£8.37m,Brian McDermott,https://www.transfermarkt.co.uk/fc-reading/startseite/verein/1032
1,2323,orduspor,Orduspor,TR1,,0,,0,,0,19 Eylül Stadyum,11024,+-0,Héctor Cúper,https://www.transfermarkt.co.uk/orduspor/startseite/verein/2323
2,1387,acn-siena-1904,Acn Siena 1904,IT1,4.32,30,26.2,6,20.0,2,Artemio Franchi,15373,£-6Th.,Serse Cosmi,https://www.transfermarkt.co.uk/acn-siena-1904/startseite/verein/1387
3,3592,kryvbas-kryvyi-rig,Kryvbas Kryvyi Rig,UKR1,2.95,24,24.5,2,8.3,0,Shakhty Zhovtneva,2500,£-270Th.,Oleg Taran,https://www.transfermarkt.co.uk/kryvbas-kryvyi-rig/startseite/verein/3592
4,1071,wigan-athletic,Wigan Athletic,GB1,12.38,29,26.5,14,48.3,6,DW Stadium,25133,£-140Th.,Roberto Martínez,https://www.transfermarkt.co.uk/wigan-athletic/startseite/verein/1071
5,2703,spartak-vladikavkaz,Spartak Vladikavkaz,RU1,,1,20.0,0,,0,Republican Stadium Spartak,32464,+-0,Vladimir Gazzaev,https://www.transfermarkt.co.uk/spartak-vladikavkaz/startseite/verein/2703
6,142,real-saragossa,Real Saragossa,ES1,22.86,24,26.6,5,20.8,0,La Romareda,33068,+-0,Manolo Jiménez,https://www.transfermarkt.co.uk/real-saragossa/startseite/verein/142
7,566,beerschot-ac,Beerschot Ac,BE1,,0,,0,,0,Olympisch Stadion,12771,+-0,Adrie Koster,https://www.transfermarkt.co.uk/beerschot-ac/startseite/verein/566
8,1436,sc-beira-mar,Sc Beira Mar,PO1,135.0,22,27.5,9,40.9,0,Estádio Mário Duarte,12000,+-0,Ulisses Morais,https://www.transfermarkt.co.uk/sc-beira-mar/startseite/verein/1436
9,4750,sc-olhanense,Sc Olhanense,PO1,68.0,22,24.1,9,40.9,0,Estádio José Arcanjo,10080,+-0,Abel Xavier,https://www.transfermarkt.co.uk/sc-olhanense/startseite/verein/4750
10,23,eintracht-braunschweig,Eintracht Braunschweig,L1,6.48,27,24.9,3,11.1,0,EINTRACHT-Stadion,23325,+-0,Torsten Lieberknecht,https://www.transfermarkt.co.uk/eintracht-braunschweig/startseite/verein/23
11,2227,sk-tavriya-simferopol,Sk Tavriya Simferopol,UKR1,,0,,0,,0,RS Lokomotiv,19978,+-0,Giannis Christopoulos,https://www.transfermarkt.co.uk/sk-tavriya-simferopol/startseite/verein/2227
12,12438,volga-nizhniy-novgorod,Volga Nizhniy Novgorod,RU1,,0,,0,,0,Zentralstadion Lokomotiv,17856,+-0,Yuriy Kalitvintsev,https://www.transfermarkt.co.uk/volga-nizhniy-novgorod/startseite/verein/12438
13,2292,elazigspor,Elazigspor,TR1,563.0,40,23.2,0,,0,Elazığ Doğukent Stadı,2500,+£44Th.,Trond Sollied,https://www.transfermarkt.co.uk/elazigspor/startseite/verein/2292
14,1210,as-livorno,As Livorno,IT1,225.0,25,27.0,0,,0,Armando Picchi,19238,+-0,Davide Nicola,https://www.transfermarkt.co.uk/as-livorno/startseite/verein/1210
15,1627,catania-calcio,Catania Calcio,IT1,6.56,25,26.8,5,20.0,0,Cibali - Angelo Massimino,20016,+-0,Rolando Maran,https://www.transfermarkt.co.uk/catania-calcio/startseite/verein/1627
16,16245,fk-sevastopol,Fk Sevastopol,UKR1,,0,,0,,0,SK Sevastopol,5826,+-0,Oleg Kononov,https://www.transfermarkt.co.uk/fk-sevastopol/startseite/verein/16245
17,1423,fc-valenciennes,Fc Valenciennes,FR1,18.41,29,25.6,11,37.9,2,Stade du Hainaut,25000,+£1.35m,Daniel Sanchez,https://www.transfermarkt.co.uk/fc-valenciennes/startseite/verein/1423
18,750,fc-sochaux-montbeliard,Fc Sochaux Montbeliard,FR1,17.51,24,24.8,8,33.3,3,Stade Auguste-Bonal,20005,+£720Th.,Eric Hély,https://www.transfermarkt.co.uk/fc-sochaux-montbeliard/startseite/verein/750
19,1147,ac-ajaccio,Ac Ajaccio,FR1,16.52,25,26.8,10,40.0,7,Stade François-Coty,10446,+-0,Fabrizio Ravanelli,https://www.transfermarkt.co.uk/ac-ajaccio/startseite/verein/1147
20,1411,raec-mons,Raec Mons,BE1,,0,,0,,0,Charles Tondreau Stadion,12662,+-0,Enzo Scifo,https://www.transfermarkt.co.uk/raec-mons/startseite/verein/1411
21,3302,ud-almeria,Ud Almeria,ES1,51.66,25,25.7,10,40.0,2,Estadio de los Juegos Mediterráneos,15274,£-4.82m,Francisco Rodríguez,https://www.transfermarkt.co.uk/ud-almeria/startseite/verein/3302
22,5572,niki-volou,Niki Volou,GR1,3.4,24,28.0,6,25.0,1,Panthessaliko Stadio,22700,+-0,Wiljan Vloet,https://www.transfermarkt.co.uk/niki-volou/startseite/verein/5572
23,20698,balikesirspor,Balikesirspor,TR1,1.58,30,24.6,9,30.0,1,Balıkesir Atatürk,15800,+-0,Ismail Ertekin,https://www.transfermarkt.co.uk/balikesirspor/startseite/verein/20698
24,6894,kayseri-erciyesspor,Kayseri Erciyesspor,TR1,,0,,0,,0,Kayseri Atatürk Spor Kompleksi Yan Açık Saha,2000,+-0,Hikmet Karaman,https://www.transfermarkt.co.uk/kayseri-erciyesspor/startseite/verein/6894
25,1429,cesena-fc,Cesena Fc,IT1,6.82,29,24.9,4,13.8,1,Orogel Stadium - Dino Manuzzi,23860,+£90Th.,Pierpaolo Bisoli,https://www.transfermarkt.co.uk/cesena-fc/startseite/verein/1429
26,5220,gs-ergotelis,Gs Ergotelis,GR1,3.96,30,22.2,10,33.3,1,Pankritio Stadio,25780,+-0,Juan Ferrando,https://www.transfermarkt.co.uk/gs-ergotelis/startseite/verein/5220
27,2783,metalurg-donetsk,Metalurg Donetsk,UKR1,,0,,0,,0,Metalurg,5090,+-0,Volodymyr Pyatenko,https://www.transfermarkt.co.uk/metalurg-donetsk/startseite/verein/2783
28,204,lierse-sk,Lierse Sk,BE1,,0,,0,,0,Herman Vanderpoortenstadion,14538,+-0,Stanley Menzo,https://www.transfermarkt.co.uk/lierse-sk/startseite/verein/204
29,993,fc-cordoba,Fc Cordoba,ES1,2.99,24,26.6,2,8.3,0,Nuevo Arcángel,21822,+£270Th.,Albert Ferrer,https://www.transfermarkt.co.uk/fc-cordoba/startseite/verein/993
30,20100,fc-vestsjaelland,Fc Vestsjaelland,DK1,,0,,0,,0,Harboe Arena,10000,+-0,Michael Hansen,https://www.transfermarkt.co.uk/fc-vestsjaelland/startseite/verein/20100
31,1039,queens-park-rangers,Queens Park Rangers,GB1,35.06,28,26.5,17,60.7,9,Kiyan Prince Foundation Stadium,18360,£-1.67m,Harry Redknapp,https://www.transfermarkt.co.uk/queens-park-rangers/startseite/verein/1039
32,3327,fc-penafiel,Fc Penafiel,PO1,4.46,27,27.5,6,22.2,0,Estádio Municipal 25 de Abril,5230,+-0,Ricardo Chéu,https://www.transfermarkt.co.uk/fc-penafiel/startseite/verein/3327
33,14171,thonon-evian-grand-geneve-fc,Thonon Evian Grand Geneve Fc,FR1,1.6,20,26.4,4,20.0,1,Stade Joseph-Moynat,0,+-0,Pascal Dupraz,https://www.transfermarkt.co.uk/thonon-evian-grand-geneve-fc/startseite/verein/14171
34,1455,fc-dordrecht,Fc Dordrecht,NL1,4.1,26,22.6,11,42.3,0,Riwal Hoogwerkers Stadion,4235,+-0,Ernie Brandts,https://www.transfermarkt.co.uk/fc-dordrecht/startseite/verein/1455
35,1186,torpedo-moskau,Torpedo Moskau,RU1,8.64,26,26.3,4,15.4,2,"Sportivniy Gorodok, Luzhniki",1872,£-90Th.,Nikolay Savichev,https://www.transfermarkt.co.uk/torpedo-moskau/startseite/verein/1186
36,976,cf-uniao-madeira,Cf Uniao Madeira,PO1,,6,22.3,0,,0,Centro Desportivo da Madeira,2500,+-0,Luís Norton de Matos,https://www.transfermarkt.co.uk/cf-uniao-madeira/startseite/verein/976
37,11126,mordovia-saransk,Mordovia Saransk,RU1,,0,,0,,0,Mordovia Arena,44442,+-0,Andrey Gordeev,https://www.transfermarkt.co.uk/mordovia-saransk/startseite/verein/11126
38,3558,gfc-ajaccio,Gfc Ajaccio,FR1,585.0,22,23.9,2,9.1,0,Stade Ange-Casanova,4050,+-0,Thierry Laurey,https://www.transfermarkt.co.uk/gfc-ajaccio/startseite/verein/3558
39,6994,metalurg-zaporizhya-bis-2016-,Metalurg Zaporizhya Bis 2016 ,UKR1,,0,,0,,0,Slavutych Arena,11883,+-0,Anatoliy Chantsev,https://www.transfermarkt.co.uk/metalurg-zaporizhya-bis-2016-/startseite/verein/6994
40,6996,goverla-uzhgorod,Goverla Uzhgorod,UKR1,,0,,0,,0,Avangard,10640,+-0,Vyacheslav Groznyi,https://www.transfermarkt.co.uk/goverla-uzhgorod/startseite/verein/6996
41,28956,ael-kalloni,Ael Kalloni,GR1,,0,,0,,0,Stadio Mytilinis,4000,+-0,Thalis Theodoridis,https://www.transfermarkt.co.uk/ael-kalloni/startseite/verein/28956
42,4102,carpi-fc-1909,Carpi Fc 1909,IT1,1.24,31,22.8,6,19.4,0,Sandro Cabassi,5510,+£540Th.,Fabrizio Castori,https://www.transfermarkt.co.uk/carpi-fc-1909/startseite/verein/4102
43,7185,panthrakikos-komotini,Panthrakikos Komotini,GR1,,5,26.2,3,60.0,1,Stadio Komotinis OPAP,5601,+-0,José Manuel Roca,https://www.transfermarkt.co.uk/panthrakikos-komotini/startseite/verein/7185
44,3216,mersin-idmanyurdu,Mersin Idmanyurdu,TR1,,0,,0,,0,Mersin Stadyumu,25000,+-0,Mesut Bakkal,https://www.transfermarkt.co.uk/mersin-idmanyurdu/startseite/verein/3216
45,825,eskisehirspor,Eskisehirspor,TR1,1.1,21,21.2,2,9.5,0,Eskişehir Yeni Stadyum,34930,+£15Th.,Ilhan Mayakan,https://www.transfermarkt.co.uk/eskisehirspor/startseite/verein/825
46,6414,metalist-kharkiv,Metalist Kharkiv,UKR1,,0,,0,,0,OSK Metalist,38685,+-0,Oleksandr Sevidov,https://www.transfermarkt.co.uk/metalist-kharkiv/startseite/verein/6414
47,2439,kuban-krasnodar,Kuban Krasnodar,RU1,,0,,0,,0,Kuban Stadium,31654,+-0,Dmitri Khokhlov,https://www.transfermarkt.co.uk/kuban-krasnodar/startseite/verein/2439
48,2990,academica-coimbra,Academica Coimbra,PO1,4.91,30,26.2,12,40.0,2,Estádio Cidade de Coimbra,29744,+-0,José Viterbo,https://www.transfermarkt.co.uk/academica-coimbra/startseite/verein/2990
49,3691,tom-tomsk,Tom Tomsk,RU1,4.96,23,25.1,2,8.7,0,Trud,10028,+£156Th.,Valeri Petrakov,https://www.transfermarkt.co.uk/tom-tomsk/startseite/verein/3691
50,2451,inverness-caledonian-thistle-fc,Inverness Caledonian Thistle Fc,SC1,4.3,24,24.1,7,29.2,0,Tulloch Caledonian Stadium,7750,+£209Th.,Richie Foran,https://www.transfermarkt.co.uk/inverness-caledonian-thistle-fc/startseite/verein/2451
51,105,sv-darmstadt-98,Sv Darmstadt 98,L1,15.37,27,24.8,7,25.9,2,Merck-Stadion am Böllenfalltor,17400,+£270Th.,Norbert Meier,https://www.transfermarkt.co.uk/sv-darmstadt-98/startseite/verein/105
52,4482,volyn-lutsk,Volyn Lutsk,UKR1,1.73,26,21.9,1,3.8,0,Stadion Avangard,12080,+-0,Vitaliy Kvartsyanyi,https://www.transfermarkt.co.uk/volyn-lutsk/startseite/verein/4482
53,339,dnipro-dnipropetrovsk,Dnipro Dnipropetrovsk,UKR1,,0,,0,,0,Meteor,24381,+-0,Dmytro Mykhaylenko,https://www.transfermarkt.co.uk/dnipro-dnipropetrovsk/startseite/verein/339
54,4795,fc-ingolstadt-04,Fc Ingolstadt 04,L1,11.68,32,25.4,12,37.5,2,Audi Sportpark,15800,£-180Th.,Markus Kauczinski,https://www.transfermarkt.co.uk/fc-ingolstadt-04/startseite/verein/4795
55,6,adanaspor,Adanaspor,TR1,7.04,27,24.0,11,40.7,1,Yeni Adana Stadyumu,33000,+£270Th.,Engin Ipekoglu,https://www.transfermarkt.co.uk/adanaspor/startseite/verein/6
56,2079,veria-nps,Veria Nps,GR1,4.88,29,25.9,5,17.2,0,Dimotiko Stadio Verias,6350,+-0,Dimitrios Eleftheropoulos,https://www.transfermarkt.co.uk/veria-nps/startseite/verein/2079
57,524,gaziantepspor,Gaziantepspor,TR1,,0,,0,,0,Gaziantep Stadyumu,33502,+-0,Ismail Kartal,https://www.transfermarkt.co.uk/gaziantepspor/startseite/verein/524
58,2921,delfino-pescara-1936,Delfino Pescara 1936,IT1,5.38,28,24.5,6,21.4,1,Adriatico,20476,+£2.48m,Massimo Oddo,https://www.transfermarkt.co.uk/delfino-pescara-1936/startseite/verein/2921
59,47,iraklis-thessaloniki,Iraklis Thessaloniki,GR1,3.4,31,22.8,8,25.8,0,Kaftanzoglio Stadio,27770,+-0,Nikolaos Papadopoulos,https://www.transfermarkt.co.uk/iraklis-thessaloniki/startseite/verein/47
60,458,palermo-fc,Palermo Fc,IT1,4.39,25,26.2,4,16.0,0,"Comunale Renzo Barbera ""La Favorita""",36365,+£1.89m,Davide Ballardini,https://www.transfermarkt.co.uk/palermo-fc/startseite/verein/458
61,289,afc-sunderland,Afc Sunderland,GB1,16.79,27,24.9,13,48.1,3,Stadium of Light,48707,£-216Th.,Sam Allardyce,https://www.transfermarkt.co.uk/afc-sunderland/startseite/verein/289
62,641,fc-middlesbrough,Fc Middlesbrough,GB1,48.96,26,26.3,9,34.6,5,Riverside Stadium,33746,£-11.30m,Aitor Karanka,https://www.transfermarkt.co.uk/fc-middlesbrough/startseite/verein/641
63,3008,hull-city,Hull City,GB1,19.08,27,24.6,6,22.2,3,KCOM Stadium,24983,£-720Th.,Steve Bruce,https://www.transfermarkt.co.uk/hull-city/startseite/verein/3008
64,968,kvc-westerlo,Kvc Westerlo,BE1,9.68,29,24.5,16,55.2,2,Het Kuipje,8035,£-450Th.,Bob Peeters,https://www.transfermarkt.co.uk/kvc-westerlo/startseite/verein/968
65,1159,as-nancy-lorraine,As Nancy Lorraine,FR1,16.88,30,24.2,16,53.3,4,Stade Marcel-Picot,20087,+-0,Pablo Correa,https://www.transfermarkt.co.uk/as-nancy-lorraine/startseite/verein/1159
66,2448,sporting-gijon,Sporting Gijon,ES1,25.52,26,25.6,6,23.1,4,El Molinón - Enrique Castro Quini,30000,£-225Th.,Abelardo,https://www.transfermarkt.co.uk/sporting-gijon/startseite/verein/2448
67,595,sc-bastia,Sc Bastia,FR1,8.96,28,27.7,7,25.0,2,Stade Armand-Cesari,16480,+-0,François Ciccolini,https://www.transfermarkt.co.uk/sc-bastia/startseite/verein/595
68,41,hamburger-sv,Hamburger Sv,L1,32.9,26,24.0,9,34.6,1,Volksparkstadion,57000,+£4.28m,Markus Gisdol,https://www.transfermarkt.co.uk/hamburger-sv/startseite/verein/41
69,3690,ska-khabarovsk,Ska Khabarovsk,RU1,7.09,27,25.2,4,14.8,2,Lenin Stadion,15200,£-28Th.,Aleksey Poddubskiy,https://www.transfermarkt.co.uk/ska-khabarovsk/startseite/verein/3690
70,192,roda-jc-kerkrade,Roda Jc Kerkrade,NL1,5.83,27,23.0,14,51.9,1,Parkstad Limburg Stadion,19979,+£158Th.,Robert Molenaar,https://www.transfermarkt.co.uk/roda-jc-kerkrade/startseite/verein/192
71,1084,fc-malaga,Fc Malaga,ES1,20.97,28,25.0,6,21.4,0,La Rosaleda,30044,+-0,Míchel,https://www.transfermarkt.co.uk/fc-malaga/startseite/verein/1084
72,8838,zirka-kropyvnytskyi,Zirka Kropyvnytskyi,UKR1,,1,23.0,0,,0,Zirka,14628,+-0,Roman Monarev,https://www.transfermarkt.co.uk/zirka-kropyvnytskyi/startseite/verein/8838
73,22110,fc-helsingor,Fc Helsingor,DK1,4.95,24,25.6,6,25.0,3,Helsingør Ny Stadion,4000,+-0,Christian Lönstrup,https://www.transfermarkt.co.uk/fc-helsingor/startseite/verein/22110
74,16247,pfk-stal-kamyanske,Pfk Stal Kamyanske,UKR1,,0,,0,,0,Obolon,5100,+-0,Eghishe Melikyan,https://www.transfermarkt.co.uk/pfk-stal-kamyanske/startseite/verein/16247
75,2944,ankaraspor,Ankaraspor,TR1,2.75,30,25.5,2,6.7,0,Osmanlı Stadı,19626,+£172Th.,Bülent Uygun,https://www.transfermarkt.co.uk/ankaraspor/startseite/verein/2944
76,1506,kardemir-karabukspor,Kardemir Karabukspor,TR1,,22,20.5,0,,0,Dr. Necmettin Şeyhoğlu,12400,+-0,Erkan Sözeri,https://www.transfermarkt.co.uk/kardemir-karabukspor/startseite/verein/1506
77,21957,ao-platanias,Ao Platanias,GR1,,0,,0,,0,Dimotiko Gipedo Perivolia,3700,+-0,Georgios Paraschos,https://www.transfermarkt.co.uk/ao-platanias/startseite/verein/21957
78,5219,aok-kerkyra,Aok Kerkyra,GR1,,7,22.1,2,28.6,0,Ethniko Stadio Kerkyras,3000,+-0,Dimitrios Eleftheropoulos,https://www.transfermarkt.co.uk/aok-kerkyra/startseite/verein/5219
79,2760,partick-thistle-fc,Partick Thistle Fc,SC1,4.3,21,26.5,2,9.5,0,The Energy Check Stadium at Firhill,10102,+-0,Alan Archibald,https://www.transfermarkt.co.uk/partick-thistle-fc/startseite/verein/2760
80,897,deportivo-la-coruna,Deportivo La Coruna,ES1,6.95,24,26.2,3,12.5,0,Riazor,32912,+£1.53m,Pepe Mel,https://www.transfermarkt.co.uk/deportivo-la-coruna/startseite/verein/897
81,472,ud-las-palmas,Ud Las Palmas,ES1,20.7,27,25.9,6,22.2,1,Estadio de Gran Canaria,32400,+£1.30m,Manolo Márquez,https://www.transfermarkt.co.uk/ud-las-palmas/startseite/verein/472
82,512,stoke-city,Stoke City,GB1,53.55,29,26.1,14,48.3,7,bet365 Stadium,30089,+£8.42m,Mark Hughes,https://www.transfermarkt.co.uk/stoke-city/startseite/verein/512
83,2288,swansea-city,Swansea City,GB1,35.06,23,24.8,21,91.3,3,Liberty Stadium,21088,£-761Th.,Paul Clement,https://www.transfermarkt.co.uk/swansea-city/startseite/verein/2288
84,40426,fk-tosno,Fk Tosno,RU1,,0,,0,,0,Petrovsky,20985,+-0,Dmitri Parfenov,https://www.transfermarkt.co.uk/fk-tosno/startseite/verein/40426
85,4128,amkar-perm,Amkar Perm,RU1,3.67,27,24.1,0,,0,Zvezda,17000,+-0,Gadzhi Gadzhiev,https://www.transfermarkt.co.uk/amkar-perm/startseite/verein/4128
86,498,ksc-lokeren,Ksc Lokeren,BE1,,0,,0,,0,Daknamstadion,12000,+-0,Peter Maes,https://www.transfermarkt.co.uk/ksc-lokeren/startseite/verein/498
87,2700,anzhi-makhachkala,Anzhi Makhachkala,RU1,2.52,27,20.7,0,,0,RDYuSSh MinObrNauki RD Politekh Makhachkala,1600,+£22Th.,Magomed Adiev,https://www.transfermarkt.co.uk/anzhi-makhachkala/startseite/verein/2700
88,642,de-graafschap-doetinchem,De Graafschap Doetinchem,NL1,6.23,27,24.1,2,7.4,1,De Vijverberg,12600,+-0,Henk de Jong,https://www.transfermarkt.co.uk/de-graafschap-doetinchem/startseite/verein/642
89,798,sbv-excelsior-rotterdam,Sbv Excelsior Rotterdam,NL1,6.37,25,21.7,6,24.0,0,Van Donge & De Roo Stadion - Woudestein,4400,+£720Th.,Adrie Poldervaart,https://www.transfermarkt.co.uk/sbv-excelsior-rotterdam/startseite/verein/798
90,19657,vendsyssel-ff,Vendsyssel Ff,DK1,4.05,25,25.1,9,36.0,0,Nord Energi Arena,10000,£-90Th.,Jens Berthel Askou,https://www.transfermarkt.co.uk/vendsyssel-ff/startseite/verein/19657
91,862,chievo-verona,Chievo Verona,IT1,,0,,0,,0,Marcantonio Bentegodi,31045,+£90Th.,Lorenzo D'Anna,https://www.transfermarkt.co.uk/chievo-verona/startseite/verein/862
92,2672,apo-levadiakos,Apo Levadiakos,GR1,5.69,26,26.4,12,46.2,1,Stadio Livadias,5915,+-0,Apostolos Mantzios,https://www.transfermarkt.co.uk/apo-levadiakos/startseite/verein/2672
93,8970,frosinone-calcio,Frosinone Calcio,IT1,16.94,30,24.8,11,36.7,1,Benito Stirpe,16227,+£6.49m,Moreno Longo,https://www.transfermarkt.co.uk/frosinone-calcio/startseite/verein/8970
94,19771,akhisarspor,Akhisarspor,TR1,1.35,30,22.0,2,6.7,0,Spor Toto Akhisar Stadyumu,12139,+£108Th.,Safet Susic,https://www.transfermarkt.co.uk/akhisarspor/startseite/verein/19771
95,20,bursaspor,Bursaspor,TR1,7.99,31,23.8,9,29.0,2,Bitci Timsah Park,43331,+£2.49m,Samet Aybaba,https://www.transfermarkt.co.uk/bursaspor/startseite/verein/20
96,9007,arsenal-kiew,Arsenal Kiew,UKR1,,0,,0,,0,NSK Olimpisky,70050,+-0,Fabrizio Ravanelli,https://www.transfermarkt.co.uk/arsenal-kiew/startseite/verein/9007
97,132,nac-breda,Nac Breda,NL1,6.44,29,23.6,9,31.0,5,Rat Verlegh Stadion,19000,+£819Th.,Jo Jansen,https://www.transfermarkt.co.uk/nac-breda/startseite/verein/132
98,855,ea-guingamp,Ea Guingamp,FR1,15.71,26,24.4,7,26.9,4,Stade du Roudourou,18120,+£1.18m,Antoine Kombouaré,https://www.transfermarkt.co.uk/ea-guingamp/startseite/verein/855
99,603,cardiff-city,Cardiff City,GB1,28.44,24,25.6,20,83.3,5,Cardiff City Stadium,33280,+£4.68m,Neil Warnock,https://www.transfermarkt.co.uk/cardiff-city/startseite/verein/603
100,1162,sm-caen,Sm Caen,FR1,18.14,25,26.1,9,36.0,2,Stade Michel-d'Ornano,20500,+£5.85m,Fabien Mercadal,https://www.transfermarkt.co.uk/sm-caen/startseite/verein/1162
101,1110,huddersfield-town,Huddersfield Town,GB1,33.89,27,26.1,10,37.0,2,John Smith's Stadium,24500,+£2.07m,David Wagner,https://www.transfermarkt.co.uk/huddersfield-town/startseite/verein/1110
102,3714,enisey-krasnoyarsk,Enisey Krasnoyarsk,RU1,7.25,32,26.1,2,6.3,1,Zentralstadion Krasnoyarsk,15000,+£900,Dmitri Alenichev,https://www.transfermarkt.co.uk/enisey-krasnoyarsk/startseite/verein/3714
103,12321,fc-girona,Fc Girona,ES1,25.11,24,25.0,6,25.0,0,Municipal de Montilivi,11286,+£2.75m,Eusebio,https://www.transfermarkt.co.uk/fc-girona/startseite/verein/12321
104,42,hannover-96,Hannover 96,L1,18.79,24,26.9,8,33.3,1,HDI-Arena,49000,+£2.84m,André Breitenreiter,https://www.transfermarkt.co.uk/hannover-96/startseite/verein/42
105,4,1-fc-nurnberg,1 Fc Nurnberg,L1,22.93,28,25.3,5,17.9,1,Max-Morlock-Stadion,50000,+£1.58m,Michael Köllner,https://www.transfermarkt.co.uk/1-fc-nurnberg/startseite/verein/4
106,3349,cd-feirense,Cd Feirense,PO1,4.79,29,24.6,17,58.6,3,Estádio Marcolino de Castro,5401,+£1.08m,Nuno Manta Santos,https://www.transfermarkt.co.uk/cd-feirense/startseite/verein/3349
107,3325,gd-chaves,Gd Chaves,PO1,4.86,30,26.7,16,53.3,4,Estádio Municipal Eng.º Manuel Branco Teixeira,9000,+-0,Daniel Ramos,https://www.transfermarkt.co.uk/gd-chaves/startseite/verein/3325
108,14589,fk-orenburg,Fk Orenburg,RU1,10.24,28,25.7,8,28.6,3,Gazovik,7500,+£176Th.,Vladimir Fedotov,https://www.transfermarkt.co.uk/fk-orenburg/startseite/verein/14589
109,169,panionios-athen,Panionios Athen,GR1,1.62,28,23.0,7,25.0,0,Stadio Neas Smyrnis,11700,+-0,Apostolos Mantzios,https://www.transfermarkt.co.uk/panionios-athen/startseite/verein/169
110,19,brescia-calcio,Brescia Calcio,IT1,32.4,29,25.6,14,48.3,3,Mario Rigamonti,19550,+£11.75m,Eugenio Corini,https://www.transfermarkt.co.uk/brescia-calcio/startseite/verein/19
111,1005,us-lecce,Us Lecce,IT1,29.61,27,25.8,15,55.6,2,Ettore Giardiniero,31559,+£450Th.,Fabio Liverani,https://www.transfermarkt.co.uk/us-lecce/startseite/verein/1005
112,2722,spal,Spal,IT1,23.78,32,25.9,9,28.1,2,Paolo Mazza,16134,+£9.50m,Leonardo Semplici,https://www.transfermarkt.co.uk/spal/startseite/verein/2722
113,128,ao-xanthi,Ao Xanthi,GR1,5.36,30,26.3,8,26.7,1,Xanthi Arena,7361,+-0,Kiko Ramírez,https://www.transfermarkt.co.uk/ao-xanthi/startseite/verein/128
114,5818,hobro-ik,Hobro Ik,DK1,3.6,29,24.2,4,13.8,1,DS Arena,7500,+£241Th.,Peter Sörensen,https://www.transfermarkt.co.uk/hobro-ik/startseite/verein/5818
115,3426,esbjerg-fb,Esbjerg Fb,DK1,6.26,35,22.0,15,42.9,5,Blue Water Arena,16942,+-0,John Lammers,https://www.transfermarkt.co.uk/esbjerg-fb/startseite/verein/3426
116,2477,karpaty-lviv,Karpaty Lviv,UKR1,,0,,0,,0,Stadion Ukraina,28051,+-0,Oleksandr Chyzhevskyi,https://www.transfermarkt.co.uk/karpaty-lviv/startseite/verein/2477
117,989,afc-bournemouth,Afc Bournemouth,GB1,152.64,30,24.9,13,43.3,9,Vitality Stadium,11329,+£15.21m,Eddie Howe,https://www.transfermarkt.co.uk/afc-bournemouth/startseite/verein/989
118,1244,cd-leganes,Cd Leganes,ES1,32.85,28,27.5,8,28.6,3,Municipal de Butarque,12454,+£2.25m,Mauricio Pellegrino,https://www.transfermarkt.co.uk/cd-leganes/startseite/verein/1244
119,415,fc-toulouse,Fc Toulouse,FR1,24.48,26,23.3,14,53.8,4,Stadium Municipal,33150,+£10.00m,Alain Casanova,https://www.transfermarkt.co.uk/fc-toulouse/startseite/verein/415
120,38,fortuna-dusseldorf,Fortuna Dusseldorf,L1,22.95,28,26.3,8,28.6,3,MERKUR SPIEL-ARENA,54600,£-1.64m,Friedhelm Funkel,https://www.transfermarkt.co.uk/fortuna-dusseldorf/startseite/verein/38
121,1416,amiens-sc,Amiens Sc,FR1,20.97,27,24.7,13,48.1,6,Stade Crédit Agricole la Licorne,12999,+£5.06m,Luka Elsner,https://www.transfermarkt.co.uk/amiens-sc/startseite/verein/1416
122,127,sc-paderborn-07,Sc Paderborn 07,L1,15.48,30,24.9,8,26.7,3,Benteler-Arena,15000,+£3.87m,Steffen Baumgart,https://www.transfermarkt.co.uk/sc-paderborn-07/startseite/verein/127
123,1085,vitoria-setubal-fc,Vitoria Setubal Fc,PO1,2.59,27,25.9,8,29.6,3,Estádio do Bonfim,18642,+-0,Sandro Mendes,https://www.transfermarkt.co.uk/vitoria-setubal-fc/startseite/verein/1085
124,3336,desportivo-aves,Desportivo Aves,PO1,,0,,0,,0,Estádio CD das Aves,5441,+-0,Augusto Inácio,https://www.transfermarkt.co.uk/desportivo-aves/startseite/verein/3336
125,982,cd-nacional,Cd Nacional,PO1,7.34,29,26.7,14,48.3,3,Estádio da Madeira,5586,+£720Th.,Luis Antonio Zaluar,https://www.transfermarkt.co.uk/cd-nacional/startseite/verein/982
126,29228,royal-excel-mouscron,Royal Excel Mouscron,BE1,4.21,28,25.9,15,53.6,3,Le Canonnier,10830,+-0,Fernando Da Cruz,https://www.transfermarkt.co.uk/royal-excel-mouscron/startseite/verein/29228
127,1160,nimes-olympique,Nimes Olympique,FR1,27.95,25,24.0,12,48.0,7,Stade des Costières,18364,+£5.22m,Jérôme Arpinon,https://www.transfermarkt.co.uk/nimes-olympique/startseite/verein/1160
128,1426,vvv-venlo,Vvv Venlo,NL1,6.28,27,22.1,7,25.9,0,Covebo Stadion - De Koel,8000,+£2.25m,Hans de Koning,https://www.transfermarkt.co.uk/vvv-venlo/startseite/verein/1426
129,23611,olimpik-donetsk,Olimpik Donetsk,UKR1,,0,,0,,0,NTK im. B. M. Bannikova,1678,+-0,Igor Klymovskyi,https://www.transfermarkt.co.uk/olimpik-donetsk/startseite/verein/23611
130,369,lyngby-bk,Lyngby Bk,DK1,6.75,29,24.1,4,13.8,1,Lyngby Stadion,10000,+£1.71m,Michelle Lange,https://www.transfermarkt.co.uk/lyngby-bk/startseite/verein/369
131,2414,ac-horsens,Ac Horsens,DK1,5.9,24,25.2,7,29.2,2,Casa Arena Horsens,10400,+-0,Bo Henriksen,https://www.transfermarkt.co.uk/ac-horsens/startseite/verein/2414
132,2553,kilmarnock-fc,Kilmarnock Fc,SC1,7.52,30,26.3,13,43.3,1,"BBSP Stadium, Rugby Park",18128,+-0,Alex Dyer,https://www.transfermarkt.co.uk/kilmarnock-fc/startseite/verein/2553
133,2999,hamilton-academical-fc,Hamilton Academical Fc,SC1,5.94,28,22.8,7,25.0,1,Fountain of Youth Stadium,6018,+-0,Brian Rice,https://www.transfermarkt.co.uk/hamilton-academical-fc/startseite/verein/2999
134,833,denizlispor,Denizlispor,TR1,4.43,32,26.1,8,25.0,1,Denizli Atatürk Stadı,18745,+-0,Robert Prosinecki,https://www.transfermarkt.co.uk/denizlispor/startseite/verein/833
135,39722,buyuksehir-belediye-erzurumspor,Buyuksehir Belediye Erzurumspor,TR1,6.1,28,27.6,10,35.7,3,Erzurum Kazım Karabekir,23700,+-0,Mehmet Özdilek,https://www.transfermarkt.co.uk/buyuksehir-belediye-erzurumspor/startseite/verein/39722
136,4171,benevento-calcio,Benevento Calcio,IT1,27.05,28,26.1,8,28.6,3,Ciro Vigorito,16867,+£1.53m,Filippo Inzaghi,https://www.transfermarkt.co.uk/benevento-calcio/startseite/verein/4171
137,4083,fc-crotone,Fc Crotone,IT1,18.83,29,24.1,13,44.8,5,Ezio Scida,16640,+£6.30m,Giovanni Stroppa,https://www.transfermarkt.co.uk/fc-crotone/startseite/verein/4083
138,130,parma-calcio-1913,Parma Calcio 1913,IT1,51.84,35,25.3,24,68.6,3,Ennio Tardini,22352,£-19.06m,Roberto D'Aversa,https://www.transfermarkt.co.uk/parma-calcio-1913/startseite/verein/130
139,820,genclerbirligi-ankara,Genclerbirligi Ankara,TR1,7.13,28,24.0,8,28.6,0,Eryaman Stadyumu,20560,+-0,Mert Nobre,https://www.transfermarkt.co.uk/genclerbirligi-ankara/startseite/verein/820
140,868,mke-ankaragucu,Mke Ankaragucu,TR1,6.71,29,26.4,9,31.0,1,Eryaman Stadyumu,20560,+£675Th.,Fuat Capa,https://www.transfermarkt.co.uk/mke-ankaragucu/startseite/verein/868
141,4603,ae-larisa,Ae Larisa,GR1,5.24,35,23.8,7,20.0,1,Stadio Alkazar,13108,+£1.53m,Michalis Grigoriou,https://www.transfermarkt.co.uk/ae-larisa/startseite/verein/4603
142,1283,fc-emmen,Fc Emmen,NL1,7.31,32,23.7,9,28.1,2,De Oude Meerdijk,8309,+£1.31m,Dick Lukkien,https://www.transfermarkt.co.uk/fc-emmen/startseite/verein/1283
143,1268,ado-den-haag,Ado Den Haag,NL1,5.38,28,23.3,5,17.9,0,Cars Jeans Stadion,15000,+£1.04m,Aleksandar Rankovic,https://www.transfermarkt.co.uk/ado-den-haag/startseite/verein/1268
144,984,west-bromwich-albion,West Bromwich Albion,GB1,77.9,26,26.3,9,34.6,6,The Hawthorns,26850,+£11.20m,Slaven Bilic,https://www.transfermarkt.co.uk/west-bromwich-albion/startseite/verein/984
145,931,fc-fulham,Fc Fulham,GB1,132.3,26,26.7,19,73.1,11,Craven Cottage,19000,£-14.85m,Scott Parker,https://www.transfermarkt.co.uk/fc-fulham/startseite/verein/931
146,1533,sd-eibar,Sd Eibar,ES1,26.82,25,28.9,5,20.0,0,Ipurua,8164,£-3.69m,José Luis Mendilibar,https://www.transfermarkt.co.uk/sd-eibar/startseite/verein/1533
147,366,real-valladolid,Real Valladolid,ES1,42.12,26,27.5,5,19.2,4,Estadio Nuevo José Zorrilla,27618,+£5.85m,Sergio,https://www.transfermarkt.co.uk/real-valladolid/startseite/verein/366
148,5358,sd-huesca,Sd Huesca,ES1,26.64,24,27.6,6,25.0,3,El Alcoraz,9128,+£4.14m,Míchel,https://www.transfermarkt.co.uk/sd-huesca/startseite/verein/5358
149,350,sheffield-united,Sheffield United,GB1,84.69,25,27.0,11,44.0,7,Bramall Lane,32702,+£25.20m,Chris Wilder,https://www.transfermarkt.co.uk/sheffield-united/startseite/verein/350
150,2969,dijon-fco,Dijon Fco,FR1,16.61,24,27.0,11,45.8,4,Stade Gaston-Gérard,16098,+£3.38m,Stéphane Jobard,https://www.transfermarkt.co.uk/dijon-fco/startseite/verein/2969
151,28643,waasland-beveren,Waasland Beveren,BE1,8.21,27,25.5,14,51.9,2,Freethielstadion,13290,+£1.26m,Nicky Hayen,https://www.transfermarkt.co.uk/waasland-beveren/startseite/verein/28643
152,3609,rotor-volgograd,Rotor Volgograd,RU1,7.72,24,25.0,3,12.5,1,Volgograd Arena,45568,£-54Th.,Aleksandr Khatskevich,https://www.transfermarkt.co.uk/rotor-volgograd/startseite/verein/3609
153,41201,pfk-tambov,Pfk Tambov,RU1,,0,,0,,0,Mordovia Arena,44149,+-0,Sergey Pervushin,https://www.transfermarkt.co.uk/pfk-tambov/startseite/verein/41201
154,86,sv-werder-bremen,Sv Werder Bremen,L1,35.42,27,24.1,10,37.0,3,Wohninvest-Weserstadion,42100,+£26.64m,Florian Kohfeldt,https://www.transfermarkt.co.uk/sv-werder-bremen/startseite/verein/86
155,33,fc-schalke-04,Fc Schalke 04,L1,29.48,28,26.1,16,57.1,7,Veltins-Arena,62271,+£35.24m,David Wagner,https://www.transfermarkt.co.uk/fc-schalke-04/startseite/verein/33
156,4294,sc-farense,Sc Farense,PO1,6.77,30,25.2,19,63.3,3,Estádio São Luís,15000,+£315Th.,Sérgio Vieira,https://www.transfermarkt.co.uk/sc-farense/startseite/verein/4294
157,2425,rio-ave-fc,Rio Ave Fc,PO1,9.41,26,26.6,14,53.8,0,Estádio dos Arcos,9065,+£1.98m,Carlos Carvalhal,https://www.transfermarkt.co.uk/rio-ave-fc/startseite/verein/2425
158,583,fc-paris-saint-germain,Fc Paris Saint Germain,FR1,813.11,35,25.9,24,68.6,19,Parc des Princes,49691,£-70.65m,Mauricio Pochettino,https://www.transfermarkt.co.uk/fc-paris-saint-germain/startseite/verein/583
159,1095,es-troyes-ac,Es Troyes Ac,FR1,50.85,31,26.4,16,51.6,6,Stade de l'Aube,21877,£-19.62m,Bruno Irles,https://www.transfermarkt.co.uk/es-troyes-ac/startseite/verein/1095
160,3524,clermont-foot-63,Clermont Foot 63,FR1,41.36,27,26.3,15,55.6,8,Stade Gabriel-Montpied,13000,+-0,Pascal Gastien,https://www.transfermarkt.co.uk/clermont-foot-63/startseite/verein/3524
161,1420,sco-angers,Sco Angers,FR1,60.66,26,26.3,13,50.0,7,Stade Raymond Kopa,16381,+£14.67m,Gérald Baticle,https://www.transfermarkt.co.uk/sco-angers/startseite/verein/1420
162,367,rayo-vallecano,Rayo Vallecano,ES1,49.77,23,28.0,12,52.2,4,Campo de Fútbol de Vallecas,15105,£-1.89m,Andoni Iraola,https://www.transfermarkt.co.uk/rayo-vallecano/startseite/verein/367
163,28095,fk-ufa,Fk Ufa,RU1,15.44,24,26.5,7,29.2,2,BetBoom Arena,15132,+£419Th.,Aleksey Stukalov,https://www.transfermarkt.co.uk/fk-ufa/startseite/verein/28095
164,49702,fk-nizhny-novgorod,Fk Nizhny Novgorod,RU1,13.28,23,26.0,6,26.1,2,Nizhny Novgorod Stadium,43319,£-717Th.,Aleksandr Kerzhakov,https://www.transfermarkt.co.uk/fk-nizhny-novgorod/startseite/verein/49702
165,11127,ural-ekaterinburg,Ural Ekaterinburg,RU1,14.29,22,26.4,5,22.7,0,Ekaterinburg Arena,27000,+£4.85m,Igor Shalimov,https://www.transfermarkt.co.uk/ural-ekaterinburg/startseite/verein/11127
166,16239,desna-chernigiv,Desna Chernigiv,UKR1,3.08,16,24.7,2,12.5,0,Stadion im. Yuriya Gagarina,12060,+£450Th.,Oleksandr Ryabokon,https://www.transfermarkt.co.uk/desna-chernigiv/startseite/verein/16239
167,8024,fc-arouca,Fc Arouca,PO1,12.6,29,27.0,22,75.9,5,Estádio Municipal de Arouca,5000,+-0,Armando Evangelista,https://www.transfermarkt.co.uk/fc-arouca/startseite/verein/8024
168,281,manchester-city,Manchester City,GB1,863.37,22,27.6,15,68.2,18,Etihad Stadium,55017,£-36.63m,Pep Guardiola,https://www.transfermarkt.co.uk/manchester-city/startseite/verein/281
169,1158,fc-lorient,Fc Lorient,FR1,49.23,27,25.8,10,37.0,5,Stade du Moustoir,19010,£-450Th.,Christophe Pélissier,https://www.transfermarkt.co.uk/fc-lorient/startseite/verein/1158
170,2759,ross-county-fc,Ross County Fc,SC1,6.08,23,24.7,10,43.5,2,Global Energy Stadium,6541,+-0,Malky Mackay,https://www.transfermarkt.co.uk/ross-county-fc/startseite/verein/2759
171,511,dundee-fc,Dundee Fc,SC1,6.21,27,26.6,9,33.3,1,Kilmac Stadium at Dens Park,11850,+-0,Mark McGhee,https://www.transfermarkt.co.uk/dundee-fc/startseite/verein/511
172,1177,silkeborg-if,Silkeborg If,DK1,9.0,29,23.6,5,17.2,2,JYSK Park,10000,+-0,Kent Nielsen,https://www.transfermarkt.co.uk/silkeborg-if/startseite/verein/1177
173,443,vejle-boldklub,Vejle Boldklub,DK1,9.0,27,23.9,20,74.1,2,Vejle Stadion,10418,+£3.02m,Ivan Prelec,https://www.transfermarkt.co.uk/vejle-boldklub/startseite/verein/443
174,5817,sonderjyske,Sonderjyske,DK1,9.09,28,24.5,13,46.4,4,Sydbank Park,10000,£-139Th.,Henrik Hansen,https://www.transfermarkt.co.uk/sonderjyske/startseite/verein/5817
175,1063,viborg-ff,Viborg Ff,DK1,7.61,28,23.2,12,42.9,1,Viborg Stadion,9566,+£847Th.,Jacob Friis,https://www.transfermarkt.co.uk/viborg-ff/startseite/verein/1063
176,1132,fc-burnley,Fc Burnley,GB1,127.8,24,30.0,10,41.7,8,Turf Moor,21994,£-4.86m,Mike Jackson,https://www.transfermarkt.co.uk/fc-burnley/startseite/verein/1132
177,762,newcastle-united,Newcastle United,GB1,261.81,28,28.5,15,53.6,9,St James' Park,52338,£-118.35m,Eddie Howe,https://www.transfermarkt.co.uk/newcastle-united/startseite/verein/762
178,379,west-ham-united,West Ham United,GB1,313.88,24,29.1,16,66.7,13,London Stadium,60000,£-63.24m,David Moyes,https://www.transfermarkt.co.uk/west-ham-united/startseite/verein/379
179,1010,fc-watford,Fc Watford,GB1,128.52,30,27.8,26,86.7,16,Vicarage Road,21577,£-27.59m,Roy Hodgson,https://www.transfermarkt.co.uk/fc-watford/startseite/verein/1010
180,405,aston-villa,Aston Villa,GB1,390.15,22,26.2,12,54.5,13,Villa Park,42682,£-2.54m,Steven Gerrard,https://www.transfermarkt.co.uk/aston-villa/startseite/verein/405
181,29,fc-everton,Fc Everton,GB1,402.98,29,27.3,15,51.7,12,Goodison Park,39571,+£5.85m,Frank Lampard,https://www.transfermarkt.co.uk/fc-everton/startseite/verein/29
182,399,leeds-united,Leeds United,GB1,259.47,25,24.7,16,64.0,11,Elland Road,37890,£-53.01m,Jesse Marsch,https://www.transfermarkt.co.uk/leeds-united/startseite/verein/399
183,1123,norwich-city,Norwich City,GB1,131.9,26,25.7,19,73.1,14,Carrow Road,27244,£-23.09m,Dean Smith,https://www.transfermarkt.co.uk/norwich-city/startseite/verein/1123
184,148,tottenham-hotspur,Tottenham Hotspur,GB1,528.53,22,25.8,15,68.2,15,Tottenham Hotspur Stadium,62062,£-55.60m,Antonio Conte,https://www.transfermarkt.co.uk/tottenham-hotspur/startseite/verein/148
185,1237,brighton-amp-hove-albion,Brighton Amp Hove Albion,GB1,229.5,24,25.3,17,70.8,12,AMEX Stadium,31800,+£4.32m,Graham Potter,https://www.transfermarkt.co.uk/brighton-amp-hove-albion/startseite/verein/1237
186,873,crystal-palace,Crystal Palace,GB1,233.96,26,27.6,14,53.8,9,Selhurst Park,26047,£-77.05m,Patrick Vieira,https://www.transfermarkt.co.uk/crystal-palace/startseite/verein/873
187,1003,leicester-city,Leicester City,GB1,463.32,27,27.1,18,66.7,13,King Power Stadium,32273,£-57.24m,Brendan Rodgers,https://www.transfermarkt.co.uk/leicester-city/startseite/verein/1003
188,31,fc-liverpool,Fc Liverpool,GB1,810.45,27,27.2,19,70.4,17,Anfield,54074,£-51.75m,Jürgen Klopp,https://www.transfermarkt.co.uk/fc-liverpool/startseite/verein/31
189,543,wolverhampton-wanderers,Wolverhampton Wanderers,GB1,317.25,26,26.0,22,84.6,13,Molineux Stadium,32050,£-5.22m,Bruno Lage,https://www.transfermarkt.co.uk/wolverhampton-wanderers/startseite/verein/543
190,126,caykur-rizespor,Caykur Rizespor,TR1,19.6,24,27.2,11,45.8,6,Çaykur Didi,15332,+-0,Bülent Korkmaz,https://www.transfermarkt.co.uk/caykur-rizespor/startseite/verein/126
191,631,fc-chelsea,Fc Chelsea,GB1,766.8,27,27.0,19,70.4,16,Stamford Bridge,40853,+£1.76m,Thomas Tuchel,https://www.transfermarkt.co.uk/fc-chelsea/startseite/verein/631
192,1148,fc-brentford,Fc Brentford,GB1,207.81,25,25.9,22,88.0,14,Brentford Community Stadium,18250,£-32.13m,Thomas Frank,https://www.transfermarkt.co.uk/fc-brentford/startseite/verein/1148
193,985,manchester-united,Manchester United,GB1,649.13,28,27.8,16,57.1,20,Old Trafford,74879,£-98.37m,Erik ten Hag,https://www.transfermarkt.co.uk/manchester-united/startseite/verein/985
194,1467,goztepe,Goztepe,TR1,21.29,27,25.8,11,40.7,5,Gürsel Aksel Stadyumu,19713,+£2.05m,Serdar Sabuncu,https://www.transfermarkt.co.uk/goztepe/startseite/verein/1467
195,589,antalyaspor,Antalyaspor,TR1,26.91,31,26.9,15,48.4,4,Antalya Stadyumu,32537,+£2.04m,Nuri Sahin,https://www.transfermarkt.co.uk/antalyaspor/startseite/verein/589
196,10484,kasimpasa,Kasimpasa,TR1,27.95,25,27.4,13,52.0,9,Recep Tayyip Erdoğan Stadyumu,13856,£-270Th.,Sami Ugurlu,https://www.transfermarkt.co.uk/kasimpasa/startseite/verein/10484
197,6646,fatih-karagumruk,Fatih Karagumruk,TR1,29.0,30,26.9,16,53.3,3,Atatürk Olimpiyat,74753,+£4.32m,Volkan Demirel,https://www.transfermarkt.co.uk/fatih-karagumruk/startseite/verein/6646
198,7775,hatayspor,Hatayspor,TR1,30.87,26,26.4,13,50.0,8,Yeni Hatay Stadyumu,25000,+£2.90m,Nihat Tazearslan,https://www.transfermarkt.co.uk/hatayspor/startseite/verein/7775
199,11688,giresunspor,Giresunspor,TR1,22.59,23,24.4,8,34.8,2,Çotanak Spor Kompleksi,21500,£-90Th.,Hakan Keles,https://www.transfermarkt.co.uk/giresunspor/startseite/verein/11688
200,180,fc-southampton,Fc Southampton,GB1,239.18,26,26.7,15,57.7,10,St Mary's Stadium,32384,+£15.54m,Ralph Hasenhüttl,https://www.transfermarkt.co.uk/fc-southampton/startseite/verein/180
201,2293,konyaspor,Konyaspor,TR1,33.5,24,27.3,12,50.0,10,Medaş Konya Büyükşehir Stadyumu,42000,£-963Th.,Ilhan Palut,https://www.transfermarkt.co.uk/konyaspor/startseite/verein/2293
202,3840,adana-demirspor,Adana Demirspor,TR1,36.05,27,27.6,15,55.6,6,Yeni Adana Stadyumu,33000,£-1.57m,Vincenzo Montella,https://www.transfermarkt.co.uk/adana-demirspor/startseite/verein/3840
203,6890,istanbul-basaksehir-fk,Istanbul Basaksehir Fk,TR1,51.73,30,27.9,11,36.7,6,Başakşehir Fatih Terim,17156,+£2.52m,Emre Belözoglu,https://www.transfermarkt.co.uk/istanbul-basaksehir-fk/startseite/verein/6890
204,114,besiktas-istanbul,Besiktas Istanbul,TR1,91.78,35,26.8,17,48.6,13,Vodafone Park,42590,£-6.35m,Valérien Ismaël,https://www.transfermarkt.co.uk/besiktas-istanbul/startseite/verein/114
205,141,galatasaray-istanbul,Galatasaray Istanbul,TR1,93.8,28,27.2,14,50.0,16,Ali Sami Yen Spor Kompleksi NEF Stadyumu,52223,£-22.91m,Domènec Torrent,https://www.transfermarkt.co.uk/galatasaray-istanbul/startseite/verein/141
206,449,trabzonspor,Trabzonspor,TR1,100.89,35,26.1,16,45.7,10,Şenol Güneş Spor Kompleksi,40782,£-11.54m,Abdullah Avci,https://www.transfermarkt.co.uk/trabzonspor/startseite/verein/449
207,36,fenerbahce-istanbul,Fenerbahce Istanbul,TR1,120.26,29,25.8,15,51.7,14,Ülker Stadyumu FB Şükrü Saraçoğlu Spor Kompleksi,47834,£-9.71m,Ismail Kartal,https://www.transfermarkt.co.uk/fenerbahce-istanbul/startseite/verein/36
208,380,us-salernitana-1919,Us Salernitana 1919,IT1,49.37,35,27.3,21,60.0,7,Arechi,31300,£-12.92m,Davide Nicola,https://www.transfermarkt.co.uk/us-salernitana-1919/startseite/verein/380
209,3522,spezia-calcio,Spezia Calcio,IT1,64.17,31,23.6,22,71.0,12,Alberto Picco,11512,£-17.65m,Thiago Motta,https://www.transfermarkt.co.uk/spezia-calcio/startseite/verein/3522
210,2832,gaziantep-fk,Gaziantep Fk,TR1,24.59,25,26.5,13,52.0,2,Kalyon Stadyumu,33502,£-1.22m,Erol Bulut,https://www.transfermarkt.co.uk/gaziantep-fk/startseite/verein/2832
211,2375,altay-sk,Altay Sk,TR1,12.44,25,28.5,11,44.0,5,Alsancak Mustafa Denizli Stadı,15000,£-2.35m,Sinan Kaloglu,https://www.transfermarkt.co.uk/altay-sk/startseite/verein/2375
212,1038,sampdoria-genua,Sampdoria Genua,IT1,86.31,26,28.2,11,42.3,8,Luigi Ferraris,36348,£-4.82m,Marco Giampaolo,https://www.transfermarkt.co.uk/sampdoria-genua/startseite/verein/1038
213,11282,alanyaspor,Alanyaspor,TR1,33.39,27,26.7,11,40.7,4,Bahçeşehir Okulları Stadyumu,10128,+£6.22m,Francesco Farioli,https://www.transfermarkt.co.uk/alanyaspor/startseite/verein/11282
214,749,fc-empoli,Fc Empoli,IT1,81.99,28,25.5,11,39.3,8,Carlo Castellani,19847,+£15.57m,Aurelio Andreazzoli,https://www.transfermarkt.co.uk/fc-empoli/startseite/verein/749
215,252,genua-cfc,Genua Cfc,IT1,101.57,32,25.7,17,53.1,8,Luigi Ferraris,34901,£-18.36m,Alexander Blessin,https://www.transfermarkt.co.uk/genua-cfc/startseite/verein/252
216,2381,sivasspor,Sivasspor,TR1,24.73,26,29.6,12,46.2,3,Yeni 4 Eylül Stadı,27532,+£450Th.,Riza Calimbay,https://www.transfermarkt.co.uk/sivasspor/startseite/verein/2381
217,1025,fc-bologna,Fc Bologna,IT1,131.4,29,25.9,20,69.0,12,Stadio Renato Dall’Ara,36462,£-3.43m,Siniša Mihajlović,https://www.transfermarkt.co.uk/fc-bologna/startseite/verein/1025
218,276,hellas-verona,Hellas Verona,IT1,113.24,26,25.7,13,50.0,6,Marcantonio Bentegodi,39211,+£4.41m,Igor Tudor,https://www.transfermarkt.co.uk/hellas-verona/startseite/verein/276
219,1390,cagliari-calcio,Cagliari Calcio,IT1,115.7,27,26.3,12,44.4,7,Unipol Domus,16416,£-3.51m,Alessandro Agostini,https://www.transfermarkt.co.uk/cagliari-calcio/startseite/verein/1390
220,430,ac-florenz,Ac Florenz,IT1,213.3,25,27.1,17,68.0,13,Artemio Franchi,47282,+£39.56m,Vincenzo Italiano,https://www.transfermarkt.co.uk/ac-florenz/startseite/verein/430
221,398,lazio-rom,Lazio Rom,IT1,239.63,25,27.8,19,76.0,8,Olimpico di Roma,73261,£-4.19m,Maurizio Sarri,https://www.transfermarkt.co.uk/lazio-rom/startseite/verein/398
222,6574,us-sassuolo,Us Sassuolo,IT1,212.94,30,26.3,16,53.3,10,Mapei Stadium - Città del Tricolore,21584,£-14.13m,Alessio Dionisi,https://www.transfermarkt.co.uk/us-sassuolo/startseite/verein/6574
223,800,atalanta-bergamo,Atalanta Bergamo,IT1,346.41,25,27.6,18,72.0,19,Gewiss Stadium,22512,£-19.17m,Gian Piero Gasperini,https://www.transfermarkt.co.uk/atalanta-bergamo/startseite/verein/800
224,416,fc-turin,Fc Turin,IT1,198.97,29,25.4,19,65.5,14,Stadio Grande Torino,27994,+£2.88m,Ivan Juric,https://www.transfermarkt.co.uk/fc-turin/startseite/verein/416
225,6195,ssc-neapel,Ssc Neapel,IT1,444.47,25,27.4,18,72.0,16,Stadio Diego Armando Maradona,54726,£-17.10m,Luciano Spalletti,https://www.transfermarkt.co.uk/ssc-neapel/startseite/verein/6195
226,12,as-rom,As Rom,IT1,332.42,28,25.3,18,64.3,17,Olimpico di Roma,73261,£-101.82m,José Mourinho,https://www.transfermarkt.co.uk/as-rom/startseite/verein/12
227,506,juventus-turin,Juventus Turin,IT1,500.04,25,27.1,14,56.0,19,Allianz Stadium,41507,£-56.34m,Massimiliano Allegri,https://www.transfermarkt.co.uk/juventus-turin/startseite/verein/506
228,3205,kayserispor,Kayserispor,TR1,31.21,32,27.2,15,46.9,4,Büyükşehir Belediyesi Kadir Has,32864,+£403Th.,Hikmet Karaman,https://www.transfermarkt.co.uk/kayserispor/startseite/verein/3205
229,1053,aalborg-bk,Aalborg Bk,DK1,12.11,24,25.3,8,33.3,3,Aalborg Portland Park,13800,£-270Th.,Lars Friis,https://www.transfermarkt.co.uk/aalborg-bk/startseite/verein/1053
230,5724,randers-fc,Randers Fc,DK1,12.83,25,25.4,11,44.0,1,Cepheus Park Randers,10300,+£855Th.,Thomas Thomasberg,https://www.transfermarkt.co.uk/randers-fc/startseite/verein/5724
231,678,aarhus-gf,Aarhus Gf,DK1,16.88,27,24.1,12,44.4,5,Ceres Park,19433,£-3.56m,David Nielsen,https://www.transfermarkt.co.uk/aarhus-gf/startseite/verein/678
232,11,fc-arsenal,Fc Arsenal,GB1,468.9,21,24.6,14,66.7,16,Emirates Stadium,60704,£-122.42m,Mikel Arteta,https://www.transfermarkt.co.uk/fc-arsenal/startseite/verein/11
233,206,brondby-if,Brondby If,DK1,22.5,26,24.0,12,46.2,4,Brøndby Stadion,28000,+£7.06m,Niels Frederiksen,https://www.transfermarkt.co.uk/brondby-if/startseite/verein/206
234,865,fc-midtjylland,Fc Midtjylland,DK1,42.8,30,24.3,15,50.0,6,MCH Arena,11535,+£20.46m,Bo Henriksen,https://www.transfermarkt.co.uk/fc-midtjylland/startseite/verein/865
235,190,fc-kopenhagen,Fc Kopenhagen,DK1,58.14,29,25.0,20,69.0,13,Parken,38065,+£14.61m,Jess Thorup,https://www.transfermarkt.co.uk/fc-kopenhagen/startseite/verein/190
236,553,ionikos-nikeas,Ionikos Nikeas,GR1,6.93,27,28.4,13,48.1,3,Dimotiko Gipedo Neapolis,5500,+-0,Dimitrios Spanos,https://www.transfermarkt.co.uk/ionikos-nikeas/startseite/verein/553
237,441,apollon-smyrnis,Apollon Smyrnis,GR1,7.2,32,28.9,20,62.5,1,"Gipedo Rizoupolis ""Georgios Kamaras""",14200,+-0,Babis Tennes,https://www.transfermarkt.co.uk/apollon-smyrnis/startseite/verein/441
238,410,udinese-calcio,Udinese Calcio,IT1,93.83,26,26.7,21,80.8,4,Dacia Arena,25144,+£57.08m,Gabriele Cioffi,https://www.transfermarkt.co.uk/udinese-calcio/startseite/verein/410
239,2671,pas-giannina,Pas Giannina,GR1,8.03,28,25.8,12,42.9,2,Stadio Zosimades,7652,£-90Th.,Iraklis Metaxas,https://www.transfermarkt.co.uk/pas-giannina/startseite/verein/2671
240,60949,volos-nps,Volos Nps,GR1,8.42,26,26.6,19,73.1,2,Panthessaliko Stadio,22700,+£1.29m,Konstantinos Bratsos,https://www.transfermarkt.co.uk/volos-nps/startseite/verein/60949
241,19789,yeni-malatyaspor,Yeni Malatyaspor,TR1,9.74,23,24.1,10,43.5,3,Yeni Malatya Stadyumu,25745,£-2.02m,Cihat Arslan,https://www.transfermarkt.co.uk/yeni-malatyaspor/startseite/verein/19789
242,607,venezia-fc,Venezia Fc,IT1,74.27,30,26.6,21,70.0,10,Pier Luigi Penzo,11150,£-19.70m,Andrea Soncin,https://www.transfermarkt.co.uk/venezia-fc/startseite/verein/607
243,3060,atromitos-athen,Atromitos Athen,GR1,11.72,29,26.6,12,41.4,4,Stadio Peristeriou,9050,£-90Th.,Chris Coleman,https://www.transfermarkt.co.uk/atromitos-athen/startseite/verein/3060
244,653,ofi-kreta,Ofi Kreta,GR1,13.37,28,27.3,12,42.9,3,Gipedo Theodoros Vardinogiannis,9088,+£585Th.,Nikolaos Nioplias,https://www.transfermarkt.co.uk/ofi-kreta/startseite/verein/653
245,605,aris-thessaloniki,Aris Thessaloniki,GR1,21.83,33,28.1,25,75.8,6,"Gipedo ""Kleanthis Vikelidis""",22800,£-2.50m,Germán Burgos,https://www.transfermarkt.co.uk/aris-thessaloniki/startseite/verein/605
246,173,odense-boldklub,Odense Boldklub,DK1,10.13,27,24.2,11,40.7,3,Nature Energy Park,15790,+£2.51m,Andreas Alm,https://www.transfermarkt.co.uk/odense-boldklub/startseite/verein/173
247,2441,aek-athen,Aek Athen,GR1,47.52,29,27.8,20,69.0,13,"Olympiakó Stádio Athinon ""Spyros Louis""",69618,£-2.35m,Sokratis Ofrydopoulos,https://www.transfermarkt.co.uk/aek-athen/startseite/verein/2441
248,1091,paok-thessaloniki,Paok Thessaloniki,GR1,51.3,29,27.2,22,75.9,8,Toumba Stadium,28703,+£19.39m,Razvan Lucescu,https://www.transfermarkt.co.uk/paok-thessaloniki/startseite/verein/1091
249,265,panathinaikos-athen,Panathinaikos Athen,GR1,29.97,29,27.3,18,62.1,6,Apostolos Nikolaidis,15000,£-1.13m,Ivan Jovanovic,https://www.transfermarkt.co.uk/panathinaikos-athen/startseite/verein/265
250,465,st-mirren-fc,St Mirren Fc,SC1,6.35,23,25.5,12,52.2,1,The SMISA Stadium,8023,+-0,Stephen Robinson,https://www.transfermarkt.co.uk/st-mirren-fc/startseite/verein/465
251,987,motherwell-fc,Motherwell Fc,SC1,8.3,30,25.5,19,63.3,5,Fir Park,13750,+£107Th.,Graham Alexander,https://www.transfermarkt.co.uk/motherwell-fc/startseite/verein/987
252,1519,dundee-united-fc,Dundee United Fc,SC1,8.51,30,24.1,10,33.3,2,Tannadice Park,14223,+£2.37m,Tam Courts,https://www.transfermarkt.co.uk/dundee-united-fc/startseite/verein/1519
253,683,olympiakos-piraus,Olympiakos Piraus,GR1,106.07,38,25.8,25,65.8,14,Stadio Georgios Karaiskakis,32115,+£656Th.,Pedro Martins,https://www.transfermarkt.co.uk/olympiakos-piraus/startseite/verein/683
254,2578,st-johnstone-fc,St Johnstone Fc,SC1,9.68,31,26.9,12,38.7,3,McDiarmid Park,10696,+£1.67m,Callum Davidson,https://www.transfermarkt.co.uk/st-johnstone-fc/startseite/verein/2578
255,370,aberdeen-fc,Aberdeen Fc,SC1,9.7,22,26.2,9,40.9,2,Pittodrie Stadium,22199,+£252Th.,Jim Goodwin,https://www.transfermarkt.co.uk/aberdeen-fc/startseite/verein/370
256,3999,pas-lamia-1964,Pas Lamia 1964,GR1,8.42,32,28.0,12,37.5,1,"Stadio Lamia ""Athanasios Diakos""",5500,+-0,Gianluca Festa,https://www.transfermarkt.co.uk/pas-lamia-1964/startseite/verein/3999
257,903,hibernian-fc,Hibernian Fc,SC1,15.35,29,25.3,12,41.4,4,Easter Road Stadium,20250,+£2.97m,Lee Johnson,https://www.transfermarkt.co.uk/hibernian-fc/startseite/verein/903
258,1241,livingston-fc,Livingston Fc,SC1,9.02,34,26.2,18,52.9,0,Tony Macaroni Arena,9512,+-0,David Martindale,https://www.transfermarkt.co.uk/livingston-fc/startseite/verein/1241
259,5,ac-mailand,Ac Mailand,IT1,432.09,27,26.8,20,74.1,17,Giuseppe Meazza,75923,£-65.88m,Stefano Pioli,https://www.transfermarkt.co.uk/ac-mailand/startseite/verein/5
260,61825,fk-minaj,Fk Minaj,UKR1,4.14,24,25.8,3,12.5,1,Avangard,12000,+£360Th.,Volodymyr Sharan,https://www.transfermarkt.co.uk/fk-minaj/startseite/verein/61825
261,43,heart-of-midlothian-fc,Heart Of Midlothian Fc,SC1,12.74,30,24.8,14,46.7,7,Tynecastle Park,20099,+-0,Robbie Neilson,https://www.transfermarkt.co.uk/heart-of-midlothian-fc/startseite/verein/43
262,49364,ingulets-petrove,Ingulets Petrove,UKR1,4.55,20,27.3,2,10.0,0,Stadion Zirka im. Stanislava Berezkina,13305,+£45Th.,Sergiy Lavrynenko,https://www.transfermarkt.co.uk/ingulets-petrove/startseite/verein/49364
263,6993,fk-mariupol,Fk Mariupol,UKR1,4.86,18,22.4,0,,0,Stadion im. Volodymyra Boyko,12680,+-0,Ostap Markevych,https://www.transfermarkt.co.uk/fk-mariupol/startseite/verein/6993
264,6992,chornomorets-odessa,Chornomorets Odessa,UKR1,4.19,18,26.2,2,11.1,0,Stadion Chornomorets,34164,+£45Th.,Roman Grygorchuk,https://www.transfermarkt.co.uk/chornomorets-odessa/startseite/verein/6992
265,2778,fc-nordsjaelland,Fc Nordsjaelland,DK1,22.86,31,20.9,17,54.8,0,Right to Dream Park,10300,+£14.45m,Flemming Pedersen,https://www.transfermarkt.co.uk/fc-nordsjaelland/startseite/verein/2778
266,55686,metalist-1925-kharkiv,Metalist 1925 Kharkiv,UKR1,5.29,24,26.2,0,,0,OSK Metalist,40003,+-0,Valeriy Kryventsov,https://www.transfermarkt.co.uk/metalist-1925-kharkiv/startseite/verein/55686
267,48726,rukh-lviv,Rukh Lviv,UKR1,5.81,21,25.1,3,14.3,0,Arena Lviv,34512,+£162Th.,Leonid Kuchuk,https://www.transfermarkt.co.uk/rukh-lviv/startseite/verein/48726
268,46,inter-mailand,Inter Mailand,IT1,476.01,25,30.1,17,68.0,16,Giuseppe Meazza,75923,+£146.75m,Simone Inzaghi,https://www.transfermarkt.co.uk/inter-mailand/startseite/verein/46
269,6676,asteras-tripolis,Asteras Tripolis,GR1,7.47,30,25.2,18,60.0,1,Gipedo Theodoros Kolokotronis,7423,+£990Th.,Milan Rastavac,https://www.transfermarkt.co.uk/asteras-tripolis/startseite/verein/6676
270,18303,fk-oleksandriya,Fk Oleksandriya,UKR1,8.66,25,24.8,1,4.0,0,KSK Nika,7000,£-135Th.,Yuriy Gura,https://www.transfermarkt.co.uk/fk-oleksandriya/startseite/verein/18303
271,60551,sk-dnipro-1,Sk Dnipro 1,UKR1,11.61,13,25.5,0,,2,Dnipro-Arena,31003,£-2.22m,Igor Jovicevic,https://www.transfermarkt.co.uk/sk-dnipro-1/startseite/verein/60551
272,2740,vorskla-poltava,Vorskla Poltava,UKR1,7.02,13,26.3,2,15.4,1,Vorskla im. Oleksiy Butovskyi,23842,+£225Th.,Yuriy Maksymov,https://www.transfermarkt.co.uk/vorskla-poltava/startseite/verein/2740
273,338,dynamo-kiew,Dynamo Kiew,UKR1,87.3,24,25.4,0,,13,NSK Olimpiyskyi,70050,+£16.83m,Mircea Lucescu,https://www.transfermarkt.co.uk/dynamo-kiew/startseite/verein/338
274,6418,panetolikos-gfs,Panetolikos Gfs,GR1,9.18,29,26.5,16,55.2,3,Gipedo Panetolikou,5230,+£540Th.,Giannis Anastasiou,https://www.transfermarkt.co.uk/panetolikos-gfs/startseite/verein/6418
275,1301,cs-maritimo,Cs Maritimo,PO1,13.1,24,26.5,15,62.5,2,Estádio do Marítimo,10932,+-0,Vasco Seabra,https://www.transfermarkt.co.uk/cs-maritimo/startseite/verein/1301
276,979,moreirense-fc,Moreirense Fc,PO1,13.28,26,26.8,18,69.2,3,E. C. J. de Almeida Freitas,6153,+£5.58m,Ricardo Sá Pinto,https://www.transfermarkt.co.uk/moreirense-fc/startseite/verein/979
277,26459,nk-veres-rivne,Nk Veres Rivne,UKR1,5.0,24,27.3,0,,0,Avangard,12080,£-18Th.,Yuriy Virt,https://www.transfermarkt.co.uk/nk-veres-rivne/startseite/verein/26459
278,6912,fc-vizela,Fc Vizela,PO1,14.09,24,27.1,15,62.5,1,Estádio do Vizela,6565,+£118Th.,Álvaro Pacheco,https://www.transfermarkt.co.uk/fc-vizela/startseite/verein/6912
279,2995,fc-pacos-de-ferreira,Fc Pacos De Ferreira,PO1,17.24,29,25.6,16,55.2,1,Estádio Capital do Móvel,9200,+-0,César Peixoto,https://www.transfermarkt.co.uk/fc-pacos-de-ferreira/startseite/verein/2995
280,2457,belenenses-sad,Belenenses Sad,PO1,13.61,28,25.1,14,50.0,3,Estádio das Seixas,12500,+£2.03m,Franclim Carvalho,https://www.transfermarkt.co.uk/belenenses-sad/startseite/verein/2457
281,7378,portimonense-sc,Portimonense Sc,PO1,18.5,27,25.0,22,81.5,4,Portimonense Estádio,6000,+£6.41m,Paulo Sérgio,https://www.transfermarkt.co.uk/portimonense-sc/startseite/verein/7378
282,371,celtic-glasgow,Celtic Glasgow,SC1,72.0,36,24.6,25,69.4,17,Celtic Park,60832,+£9.98m,Ange Postecoglou,https://www.transfermarkt.co.uk/celtic-glasgow/startseite/verein/371
283,2424,gil-vicente-fc,Gil Vicente Fc,PO1,23.27,26,25.3,18,69.2,3,Estádio Municipal de Barcelos,12504,+£1.80m,Ricardo Soares,https://www.transfermarkt.co.uk/gil-vicente-fc/startseite/verein/2424
284,2423,cd-santa-clara,Cd Santa Clara,PO1,17.66,25,26.6,15,60.0,3,Estádio de São Miguel,15000,+£6.31m,Mário Silva,https://www.transfermarkt.co.uk/cd-santa-clara/startseite/verein/2423
285,7179,cd-tondela,Cd Tondela,PO1,18.86,27,24.7,18,66.7,5,Estádio João Cardoso,5000,+£378Th.,Nuno Campos,https://www.transfermarkt.co.uk/cd-tondela/startseite/verein/7179
286,2420,vitoria-guimaraes-sc,Vitoria Guimaraes Sc,PO1,39.56,29,24.2,12,41.4,4,Estádio D. Afonso Henriques,29865,+£4.59m,Pêpa,https://www.transfermarkt.co.uk/vitoria-guimaraes-sc/startseite/verein/2420
287,3329,fc-famalicao,Fc Famalicao,PO1,43.16,31,23.7,18,58.1,1,Estádio Municipal de Famalicão,5300,+£5.31m,Rui Pedro Silva,https://www.transfermarkt.co.uk/fc-famalicao/startseite/verein/3329
288,1465,gd-estoril-praia,Gd Estoril Praia,PO1,23.49,28,24.9,16,57.1,2,Estádio António Coimbra da Mota,8000,+£4.50m,Bruno Pinheiro,https://www.transfermarkt.co.uk/gd-estoril-praia/startseite/verein/1465
289,124,glasgow-rangers,Glasgow Rangers,SC1,119.07,30,26.9,24,80.0,17,Ibrox Stadium,50987,+£10.78m,Giovanni van Bronckhorst,https://www.transfermarkt.co.uk/glasgow-rangers/startseite/verein/124
290,336,sporting-lissabon,Sporting Lissabon,PO1,235.08,24,26.3,11,45.8,8,Estádio José Alvalade XXI,50080,£-5.52m,Rúben Amorim,https://www.transfermarkt.co.uk/sporting-lissabon/startseite/verein/336
291,294,benfica-lissabon,Benfica Lissabon,PO1,239.4,26,27.0,19,73.1,15,Estádio da Luz,65000,+£21.60m,Nélson Veríssimo,https://www.transfermarkt.co.uk/benfica-lissabon/startseite/verein/294
292,65,spvgg-greuther-furth,Spvgg Greuther Furth,L1,29.66,28,24.8,11,39.3,3,Sportpark Ronhof | Thomas Sommer,16626,+£1.94m,Stefan Leitl,https://www.transfermarkt.co.uk/spvgg-greuther-furth/startseite/verein/65
293,48332,kolos-kovalivka,Kolos Kovalivka,UKR1,5.33,19,25.4,1,5.3,0,Kolos,5050,£-85Th.,Yaroslav Vyshnyak,https://www.transfermarkt.co.uk/kolos-kovalivka/startseite/verein/48332
294,80,vfl-bochum,Vfl Bochum,L1,44.69,30,27.2,12,40.0,3,Vonovia Ruhrstadion,27599,+£315Th.,Thomas Reis,https://www.transfermarkt.co.uk/vfl-bochum/startseite/verein/80
295,89,1-fc-union-berlin,1 Fc Union Berlin,L1,65.7,28,27.3,11,39.3,8,Stadion An der Alten Försterei,22012,+£1.80m,Urs Fischer,https://www.transfermarkt.co.uk/1-fc-union-berlin/startseite/verein/89
296,3,1-fc-koln,1 Fc Koln,L1,74.14,28,25.1,11,39.3,7,RheinEnergieSTADION,50000,+£20.61m,Steffen Baumgart,https://www.transfermarkt.co.uk/1-fc-koln/startseite/verein/3
297,44,hertha-bsc,Hertha Bsc,L1,86.58,31,25.7,16,51.6,6,Olympiastadion Berlin,74649,+£18.99m,Felix Magath,https://www.transfermarkt.co.uk/hertha-bsc/startseite/verein/44
298,167,fc-augsburg,Fc Augsburg,L1,88.02,28,26.0,17,60.7,9,WWK ARENA,30660,£-10.14m,Markus Weinzierl,https://www.transfermarkt.co.uk/fc-augsburg/startseite/verein/167
299,39,1-fsv-mainz-05,1 Fsv Mainz 05,L1,109.85,25,25.2,13,52.0,6,Mewa Arena,33305,+£10.04m,Bo Svensson,https://www.transfermarkt.co.uk/1-fsv-mainz-05/startseite/verein/39
300,60,sc-freiburg,Sc Freiburg,L1,137.32,27,25.3,11,40.7,8,Europa-Park Stadion,34700,+£4.55m,Christian Streich,https://www.transfermarkt.co.uk/sc-freiburg/startseite/verein/60
301,79,vfb-stuttgart,Vfb Stuttgart,L1,145.35,31,22.8,18,58.1,7,Mercedes-Benz Arena,60449,+£22.47m,Pellegrino Matarazzo,https://www.transfermarkt.co.uk/vfb-stuttgart/startseite/verein/79
302,24,eintracht-frankfurt,Eintracht Frankfurt,L1,179.15,32,25.4,20,62.5,13,Deutsche Bank Park,51500,+£13.10m,Oliver Glasner,https://www.transfermarkt.co.uk/eintracht-frankfurt/startseite/verein/24
303,533,tsg-1899-hoffenheim,Tsg 1899 Hoffenheim,L1,190.31,30,25.6,17,56.7,14,PreZero Arena,30150,+£765Th.,Sebastian Hoeneß,https://www.transfermarkt.co.uk/tsg-1899-hoffenheim/startseite/verein/533
304,18105,pfk-lviv,Pfk Lviv,UKR1,6.39,20,25.7,3,15.0,1,Arena Lviv,34915,+£45Th.,Oleg Dulub,https://www.transfermarkt.co.uk/pfk-lviv/startseite/verein/18105
305,82,vfl-wolfsburg,Vfl Wolfsburg,L1,212.85,28,25.1,18,64.3,12,Volkswagen Arena,30000,£-53.85m,Michael Frontzeck,https://www.transfermarkt.co.uk/vfl-wolfsburg/startseite/verein/82
306,15,bayer-04-leverkusen,Bayer 04 Leverkusen,L1,391.01,27,24.9,20,74.1,14,BayArena,30210,£-11.03m,Gerardo Seoane,https://www.transfermarkt.co.uk/bayer-04-leverkusen/startseite/verein/15
307,23826,rasenballsport-leipzig,Rasenballsport Leipzig,L1,419.04,26,24.4,19,73.1,17,Red Bull Arena,47069,+£5.29m,Domenico Tedesco,https://www.transfermarkt.co.uk/rasenballsport-leipzig/startseite/verein/23826
308,16,borussia-dortmund,Borussia Dortmund,L1,504.23,33,24.7,19,57.6,16,SIGNAL IDUNA PARK,81365,+£56.93m,Matthias Kleinsteiber,https://www.transfermarkt.co.uk/borussia-dortmund/startseite/verein/16
309,18,borussia-monchengladbach,Borussia Monchengladbach,L1,198.27,26,26.0,13,50.0,11,Stadion im Borussia-Park,54022,£-7.47m,Adi Hütter,https://www.transfermarkt.co.uk/borussia-monchengladbach/startseite/verein/18
310,27,fc-bayern-munchen,Fc Bayern Munchen,L1,724.05,26,25.8,15,57.7,20,Allianz Arena,75024,£-48.15m,Julian Nagelsmann,https://www.transfermarkt.co.uk/fc-bayern-munchen/startseite/verein/27
311,41274,beerschot-v-a-,Beerschot V A ,BE1,13.41,26,25.8,14,53.8,2,Olympisch Stadion,12771,£-2.01m,Greg Vanderidt,https://www.transfermarkt.co.uk/beerschot-v-a-/startseite/verein/41274
312,1075,sc-braga,Sc Braga,PO1,100.53,25,24.2,9,36.0,4,Estádio Municipal de Braga,30286,+£23.01m,Carlos Carvalhal,https://www.transfermarkt.co.uk/sc-braga/startseite/verein/1075
313,475,vv-st-truiden,Vv St Truiden,BE1,16.31,27,25.4,15,55.6,4,Stayen,14600,+£4.26m,Bernd Hollerbach,https://www.transfermarkt.co.uk/vv-st-truiden/startseite/verein/475
314,2503,boavista-porto-fc,Boavista Porto Fc,PO1,23.76,26,25.0,16,61.5,9,Estádio do Bessa Sec. XXI,28263,£-4.82m,Petit,https://www.transfermarkt.co.uk/boavista-porto-fc/startseite/verein/2503
315,520,cercle-brugge,Cercle Brugge,BE1,21.02,24,23.9,14,58.3,5,Jan-Breydel-Stadion,29062,£-630Th.,Dominik Thalhammer,https://www.transfermarkt.co.uk/cercle-brugge/startseite/verein/520
316,2727,oud-heverlee-leuven,Oud Heverlee Leuven,BE1,21.11,27,24.5,13,48.1,9,King Power at Den Dreef Stadion,10020,+£2.70m,Marc Brys,https://www.transfermarkt.co.uk/oud-heverlee-leuven/startseite/verein/2727
317,2861,kv-oostende,Kv Oostende,BE1,22.32,27,23.5,17,63.0,4,Diaz Arena,8432,+£5.22m,Yves Vanderhaeghe,https://www.transfermarkt.co.uk/kv-oostende/startseite/verein/2861
318,720,fc-porto,Fc Porto,PO1,233.37,26,26.6,14,53.8,11,Estádio do Dragão,50399,+£32.31m,Sérgio Conceição,https://www.transfermarkt.co.uk/fc-porto/startseite/verein/720
319,354,kv-mechelen,Kv Mechelen,BE1,26.73,27,24.9,10,37.0,2,AFAS Stadion,16672,+£7.11m,Wouter Vrancken,https://www.transfermarkt.co.uk/kv-mechelen/startseite/verein/354
320,172,rsc-charleroi,Rsc Charleroi,BE1,31.41,28,22.6,16,57.1,8,Stade du Pays de Charleroi,15000,+£7.74m,Edward Still,https://www.transfermarkt.co.uk/rsc-charleroi/startseite/verein/172
321,3057,standard-luttich,Standard Luttich,BE1,35.82,27,24.0,14,51.9,7,Maurice Dufrasne Stadion,27670,+£21.65m,Will Still,https://www.transfermarkt.co.uk/standard-luttich/startseite/verein/3057
322,3948,royale-union-saint-gilloise,Royale Union Saint Gilloise,BE1,47.63,26,24.8,19,73.1,8,Stade Joseph Mariën,8000,+£5.26m,Felice Mazzù,https://www.transfermarkt.co.uk/royale-union-saint-gilloise/startseite/verein/3948
323,10690,zorya-lugansk,Zorya Lugansk,UKR1,12.69,25,25.1,1,4.0,1,Slavutych Arena,11883,£-486Th.,Viktor Skrypnyk,https://www.transfermarkt.co.uk/zorya-lugansk/startseite/verein/10690
324,157,kaa-gent,Kaa Gent,BE1,49.48,28,26.3,16,57.1,11,Ghelamco Arena,19999,+£18.81m,Hein Vanhaezebrouck,https://www.transfermarkt.co.uk/kaa-gent/startseite/verein/157
325,58,rsc-anderlecht,Rsc Anderlecht,BE1,86.0,28,23.3,13,46.4,6,Lotto Park,21500,+£7.61m,Vincent Kompany,https://www.transfermarkt.co.uk/rsc-anderlecht/startseite/verein/58
326,660,shakhtar-donetsk,Shakhtar Donetsk,UKR1,144.99,24,25.1,9,37.5,12,NSK Olimpiyskyi,70050,£-45.27m,Roberto De Zerbi,https://www.transfermarkt.co.uk/shakhtar-donetsk/startseite/verein/660
327,1184,krc-genk,Krc Genk,BE1,92.43,24,23.0,17,70.8,13,Cegeka Arena,24956,£-3.33m,Bernd Storck,https://www.transfermarkt.co.uk/krc-genk/startseite/verein/1184
328,1435,go-ahead-eagles-deventer,Go Ahead Eagles Deventer,NL1,8.87,29,24.3,11,37.9,1,De Adelaarshorst,9909,+£1.71m,Kees van Wonderen,https://www.transfermarkt.co.uk/go-ahead-eagles-deventer/startseite/verein/1435
329,3508,sv-zulte-waregem,Sv Zulte Waregem,BE1,16.72,30,25.0,15,50.0,3,Regenboogstadion,12250,£-180Th.,Timmy Simons,https://www.transfermarkt.co.uk/sv-zulte-waregem/startseite/verein/3508
330,2715,rfc-seraing,Rfc Seraing,BE1,12.98,31,23.9,18,58.1,6,Stade du Paray,6744,+-0,Manuel Nogueira,https://www.transfermarkt.co.uk/rfc-seraing/startseite/verein/2715
331,601,kv-kortrijk,Kv Kortrijk,BE1,22.37,30,24.6,24,80.0,8,Guldensporenstadion,9399,+£198Th.,Karim Belhocine,https://www.transfermarkt.co.uk/kv-kortrijk/startseite/verein/601
332,1245,kas-eupen,Kas Eupen,BE1,16.22,31,25.0,22,71.0,5,Kehrweg-Stadion,8331,+£4.23m,Michael Valkanis,https://www.transfermarkt.co.uk/kas-eupen/startseite/verein/1245
333,1269,pec-zwolle,Pec Zwolle,NL1,12.8,30,24.5,12,40.0,4,MAC³PARK stadion,14000,+-0,Dick Schreuder,https://www.transfermarkt.co.uk/pec-zwolle/startseite/verein/1269
334,10,arminia-bielefeld,Arminia Bielefeld,L1,57.2,25,24.9,16,64.0,4,SchücoArena,26515,£-8.45m,Marco Kostmann,https://www.transfermarkt.co.uk/arminia-bielefeld/startseite/verein/10
335,403,willem-ii-tilburg,Willem Ii Tilburg,NL1,14.49,27,24.8,17,63.0,1,Koning Willem II Stadion,14700,+£3.65m,Kevin Hofland,https://www.transfermarkt.co.uk/willem-ii-tilburg/startseite/verein/403
336,468,sparta-rotterdam,Sparta Rotterdam,NL1,12.56,22,28.0,11,50.0,3,"Sparta-stadion ""Het Kasteel""",11026,+£6.91m,Maurice Steijn,https://www.transfermarkt.co.uk/sparta-rotterdam/startseite/verein/468
337,317,fc-twente-enschede,Fc Twente Enschede,NL1,19.04,25,24.0,7,28.0,3,De Grolsch Veste,30205,+£2.88m,Ron Jans,https://www.transfermarkt.co.uk/fc-twente-enschede/startseite/verein/317
338,306,sc-heerenveen,Sc Heerenveen,NL1,19.15,29,24.0,11,37.9,2,Abe Lenstra Stadion,27224,+£4.23m,Ole Tobiasen,https://www.transfermarkt.co.uk/sc-heerenveen/startseite/verein/306
339,2282,fc-brugge,Fc Brugge,BE1,141.17,29,25.1,19,65.5,13,Jan-Breydel-Stadion,29062,£-19.32m,Alfred Schreuder,https://www.transfermarkt.co.uk/fc-brugge/startseite/verein/2282
340,200,fc-utrecht,Fc Utrecht,NL1,31.55,32,24.7,10,31.3,1,"Stadion ""Galgenwaard""",23750,+£4.91m,Rick Kruys,https://www.transfermarkt.co.uk/fc-utrecht/startseite/verein/200
341,133,sc-cambuur-leeuwarden,Sc Cambuur Leeuwarden,NL1,9.56,23,25.1,9,39.1,8,Cambuurstadion,10250,+-0,Henk de Jong,https://www.transfermarkt.co.uk/sc-cambuur-leeuwarden/startseite/verein/133
342,1090,az-alkmaar,Az Alkmaar,NL1,60.5,27,23.3,12,44.4,9,AFAS Stadion,19478,+£39.83m,Pascal Jansen,https://www.transfermarkt.co.uk/az-alkmaar/startseite/verein/1090
343,234,feyenoord-rotterdam,Feyenoord Rotterdam,NL1,120.65,28,23.6,13,46.4,13,"Stadion Feyenoord ""De Kuip""",47500,£-900Th.,Arne Slot,https://www.transfermarkt.co.uk/feyenoord-rotterdam/startseite/verein/234
344,1096,royal-antwerpen-fc,Royal Antwerpen Fc,BE1,53.78,33,25.4,19,57.6,4,De Bosuil,16144,£-24.80m,Brian Priske,https://www.transfermarkt.co.uk/royal-antwerpen-fc/startseite/verein/1096
345,610,ajax-amsterdam,Ajax Amsterdam,NL1,310.73,28,25.4,15,53.6,16,Johan Cruijff ArenA,55600,+£21.78m,Michael Reiziger,https://www.transfermarkt.co.uk/ajax-amsterdam/startseite/verein/610
346,499,vitesse-arnheim,Vitesse Arnheim,NL1,36.88,26,23.1,15,57.7,5,GelreDome,21248,£-1.64m,Thomas Letsch,https://www.transfermarkt.co.uk/vitesse-arnheim/startseite/verein/499
347,3729,arsenal-tula,Arsenal Tula,RU1,20.32,25,28.0,6,24.0,3,Arsenal,19241,+£2.21m,Miodrag Bozovic,https://www.transfermarkt.co.uk/arsenal-tula/startseite/verein/3729
348,3725,akhmat-grozny,Akhmat Grozny,RU1,22.87,28,26.3,7,25.0,4,Akhmat-Arena,30200,+£3.30m,Andrey Talalaev,https://www.transfermarkt.co.uk/akhmat-grozny/startseite/verein/3725
349,2696,krylya-sovetov-samara,Krylya Sovetov Samara,RU1,23.04,26,23.8,4,15.4,0,Solidarnost Samara Arena,44918,+£1.16m,Igor Osinjkin,https://www.transfermarkt.co.uk/krylya-sovetov-samara/startseite/verein/2696
350,1083,fk-rostov,Fk Rostov,RU1,27.32,26,24.1,4,15.4,5,Rostov Arena,45145,+£410Th.,Valeriy Karpin,https://www.transfermarkt.co.uk/fk-rostov/startseite/verein/1083
351,41231,fk-sochi,Fk Sochi,RU1,28.58,21,28.6,6,28.6,2,Fisht Olympic Stadium,43700,£-4.29m,Vladimir Fedotov,https://www.transfermarkt.co.uk/fk-sochi/startseite/verein/41231
352,202,fc-groningen,Fc Groningen,NL1,20.77,27,22.6,13,48.1,3,Euroborg,22555,+£5.78m,Danny Buijs,https://www.transfermarkt.co.uk/fc-groningen/startseite/verein/202
353,16704,fk-krasnodar,Fk Krasnodar,RU1,61.31,28,24.6,8,28.6,4,Stadion Krasnodar,35179,£-33.25m,Aleksandr Storozhuk,https://www.transfermarkt.co.uk/fk-krasnodar/startseite/verein/16704
354,932,lokomotiv-moskau,Lokomotiv Moskau,RU1,71.37,27,24.0,8,29.6,6,RZD Arena,27084,£-28.07m,Zaur Khapov,https://www.transfermarkt.co.uk/lokomotiv-moskau/startseite/verein/932
355,383,psv-eindhoven,Psv Eindhoven,NL1,144.18,26,25.0,20,76.9,9,Philips Stadion,35000,+£34.71m,Roger Schmidt,https://www.transfermarkt.co.uk/psv-eindhoven/startseite/verein/383
356,121,dinamo-moskau,Dinamo Moskau,RU1,94.23,24,25.3,7,29.2,12,VTB-Arena,25716,£-4.99m,Sandro Schwarz,https://www.transfermarkt.co.uk/dinamo-moskau/startseite/verein/121
357,2410,zska-moskau,Zska Moskau,RU1,94.37,23,25.3,9,39.1,10,VEB Arena,30457,+£38.70m,Aleksey Berezutski,https://www.transfermarkt.co.uk/zska-moskau/startseite/verein/2410
358,232,spartak-moskau,Spartak Moskau,RU1,92.66,24,24.5,6,25.0,8,Otkrytie Bank Arena,45360,£-10.82m,Paolo Vanoli,https://www.transfermarkt.co.uk/spartak-moskau/startseite/verein/232
359,235,rkc-waalwijk,Rkc Waalwijk,NL1,9.99,28,25.4,15,53.6,4,Mandemakers Stadion,7508,+£180Th.,Joseph Oosting,https://www.transfermarkt.co.uk/rkc-waalwijk/startseite/verein/235
360,1531,fc-elche,Fc Elche,ES1,55.08,24,29.4,10,41.7,3,Manuel Martínez Valero,33732,£-7.20m,Francisco Rodríguez,https://www.transfermarkt.co.uk/fc-elche/startseite/verein/1531
361,1108,deportivo-alaves,Deportivo Alaves,ES1,57.33,26,27.0,8,30.8,5,Mendizorrotza,19840,+£2.12m,Luis García,https://www.transfermarkt.co.uk/deportivo-alaves/startseite/verein/1108
362,385,fortuna-sittard,Fortuna Sittard,NL1,13.16,28,25.7,15,53.6,3,Fortuna Sittard Stadion,12500,£-378Th.,Sjors Ultee,https://www.transfermarkt.co.uk/fortuna-sittard/startseite/verein/385
363,2698,rubin-kazan,Rubin Kazan,RU1,29.5,22,24.7,4,18.2,4,Ak Bars Arena,45379,£-4.58m,Leonid Slutski,https://www.transfermarkt.co.uk/rubin-kazan/startseite/verein/2698
364,16795,fc-granada,Fc Granada,ES1,83.52,29,27.7,13,44.8,4,Nuevo Los Cármenes,19336,£-11.43m,Aitor Karanka,https://www.transfermarkt.co.uk/fc-granada/startseite/verein/16795
365,237,rcd-mallorca,Rcd Mallorca,ES1,63.9,27,27.7,13,48.1,7,Son Moix,20500,£-900Th.,Javier Aguirre,https://www.transfermarkt.co.uk/rcd-mallorca/startseite/verein/237
366,940,celta-vigo,Celta Vigo,ES1,98.73,21,28.0,9,42.9,6,Balaídos,29000,£-6.50m,Eduardo Coudet,https://www.transfermarkt.co.uk/celta-vigo/startseite/verein/940
367,714,espanyol-barcelona,Espanyol Barcelona,ES1,110.25,26,27.5,6,23.1,7,RCDE Stadium,40500,£-5.40m,Luis Blanco,https://www.transfermarkt.co.uk/espanyol-barcelona/startseite/verein/714
368,3709,fc-getafe,Fc Getafe,ES1,142.92,25,26.5,13,52.0,11,Coliseum Alfonso Pérez,16800,+£4.50m,Quique Sánchez Flores,https://www.transfermarkt.co.uk/fc-getafe/startseite/verein/3709
369,467,nec-nijmegen,Nec Nijmegen,NL1,11.95,25,25.2,13,52.0,3,Goffertstadion,12500,+-0,Rogier Meijer,https://www.transfermarkt.co.uk/nec-nijmegen/startseite/verein/467
370,150,real-betis-sevilla,Real Betis Sevilla,ES1,218.79,27,29.0,11,40.7,10,Benito Villamarín,59378,+£9.45m,Manuel Pellegrini,https://www.transfermarkt.co.uk/real-betis-sevilla/startseite/verein/150
371,1049,fc-valencia,Fc Valencia,ES1,262.62,26,24.4,17,65.4,16,Mestalla,48600,£-9.14m,Pepe Bordalás,https://www.transfermarkt.co.uk/fc-valencia/startseite/verein/1049
372,3368,ud-levante,Ud Levante,ES1,71.73,28,28.3,9,32.1,4,Ciutat de València,25354,£-1.13m,Alessio Lisci,https://www.transfermarkt.co.uk/ud-levante/startseite/verein/3368
373,681,real-sociedad-san-sebastian,Real Sociedad San Sebastian,ES1,348.66,28,26.2,7,25.0,7,Reale Arena,39500,£-2.25m,Imanol Alguacil,https://www.transfermarkt.co.uk/real-sociedad-san-sebastian/startseite/verein/681
374,3719,fk-khimki,Fk Khimki,RU1,17.93,25,26.5,7,28.0,2,Arena Khimki,18636,£-591Th.,Sergey Yuran,https://www.transfermarkt.co.uk/fk-khimki/startseite/verein/3719
375,1050,fc-villarreal,Fc Villarreal,ES1,344.25,26,28.1,12,46.2,13,La Cerámica,23500,£-39.38m,Unai Emery,https://www.transfermarkt.co.uk/fc-villarreal/startseite/verein/1050
376,131,fc-barcelona,Fc Barcelona,ES1,611.1,30,25.7,15,50.0,22,Camp Nou,99354,+-0,Xavi,https://www.transfermarkt.co.uk/fc-barcelona/startseite/verein/131
377,368,fc-sevilla,Fc Sevilla,ES1,370.71,26,28.3,19,73.1,14,Ramón Sánchez-Pizjuán,43883,£-11.70m,Julen Lopetegui,https://www.transfermarkt.co.uk/fc-sevilla/startseite/verein/368
378,3911,stade-brest-29,Stade Brest 29,FR1,71.51,26,25.6,8,30.8,6,Stade Francis-Le Blé,15097,+£16.83m,Michel Der Zakarian,https://www.transfermarkt.co.uk/stade-brest-29/startseite/verein/3911
379,347,fc-metz,Fc Metz,FR1,79.47,31,25.4,18,58.1,7,Stade Saint-Symphorien,26700,+£17.10m,Frédéric Antonetti,https://www.transfermarkt.co.uk/fc-metz/startseite/verein/347
380,40,fc-girondins-bordeaux,Fc Girondins Bordeaux,FR1,80.37,31,25.2,18,58.1,11,Matmut Atlantique,42052,+£7.25m,David Guion,https://www.transfermarkt.co.uk/fc-girondins-bordeaux/startseite/verein/40
381,418,real-madrid,Real Madrid,ES1,680.85,26,27.5,18,69.2,15,Santiago Bernabéu,81044,+£42.30m,Carlo Ancelotti,https://www.transfermarkt.co.uk/real-madrid/startseite/verein/418
382,331,ca-osasuna,Ca Osasuna,ES1,87.84,24,28.1,4,16.7,1,El Sadar,23576,£-7.83m,Jagoba Arrasate,https://www.transfermarkt.co.uk/ca-osasuna/startseite/verein/331
383,621,athletic-bilbao,Athletic Bilbao,ES1,191.34,25,26.6,0,,2,San Mamés,53289,+-0,Marcelino,https://www.transfermarkt.co.uk/athletic-bilbao/startseite/verein/621
384,995,fc-nantes,Fc Nantes,FR1,90.45,25,26.1,11,44.0,7,Stade de la Beaujoire,37463,+£7.47m,Antoine Kombouaré,https://www.transfermarkt.co.uk/fc-nantes/startseite/verein/995
385,1421,stade-reims,Stade Reims,FR1,105.89,30,23.8,21,70.0,13,Stade Auguste-Delaune,21684,£-855Th.,Óscar García,https://www.transfermarkt.co.uk/stade-reims/startseite/verein/1421
386,964,zenit-st-petersburg,Zenit St Petersburg,RU1,148.1,22,26.9,8,36.4,14,Gazprom Arena,68134,£-36.48m,Sergey Semak,https://www.transfermarkt.co.uk/zenit-st-petersburg/startseite/verein/964
387,273,fc-stade-rennes,Fc Stade Rennes,FR1,201.96,26,24.1,10,38.5,9,Roazhon Park,29778,£-30.47m,Bruno Génésio,https://www.transfermarkt.co.uk/fc-stade-rennes/startseite/verein/273
388,1082,losc-lille,Losc Lille,FR1,218.97,22,25.9,17,77.3,11,Stade Pierre-Mauroy,50186,+£49.91m,Jocelyn Gourvennec,https://www.transfermarkt.co.uk/losc-lille/startseite/verein/1082
389,417,ogc-nizza,Ogc Nizza,FR1,224.51,26,24.4,16,61.5,6,Allianz Riviera,36178,£-26.91m,Christophe Galtier,https://www.transfermarkt.co.uk/ogc-nizza/startseite/verein/417
390,826,rc-lens,Rc Lens,FR1,107.01,23,25.8,14,60.9,11,Stade Bollaert-Delelis,38223,£-2.34m,Franck Haise,https://www.transfermarkt.co.uk/rc-lens/startseite/verein/826
391,1304,heracles-almelo,Heracles Almelo,NL1,15.37,32,23.4,22,68.8,1,Erve Asito,12080,+£45Th.,René Kolmschot,https://www.transfermarkt.co.uk/heracles-almelo/startseite/verein/1304
392,969,montpellier-hsc,Montpellier Hsc,FR1,98.33,25,25.1,10,40.0,4,Stade de la Mosson,32939,+£22.32m,Olivier Dall'Oglio,https://www.transfermarkt.co.uk/montpellier-hsc/startseite/verein/969
393,162,as-monaco,As Monaco,FR1,315.77,29,24.5,29,100.0,8,Stade Louis-II,18523,£-9.68m,Philippe Clement,https://www.transfermarkt.co.uk/as-monaco/startseite/verein/162
394,1041,olympique-lyon,Olympique Lyon,FR1,309.65,28,24.6,15,53.6,9,Groupama Stadium,59186,+£65.41m,Peter Bosz,https://www.transfermarkt.co.uk/olympique-lyon/startseite/verein/1041
395,2687,fc-cadiz,Fc Cadiz,ES1,55.04,28,28.4,10,35.7,6,Nuevo Mirandilla,21094,£-5.49m,Sergio,https://www.transfermarkt.co.uk/fc-cadiz/startseite/verein/2687
396,618,as-saint-etienne,As Saint Etienne,FR1,93.78,29,25.2,15,51.7,8,Stade Geoffroy-Guichard,42000,£-540Th.,Pascal Dupraz,https://www.transfermarkt.co.uk/as-saint-etienne/startseite/verein/618
397,13,atletico-madrid,Atletico Madrid,ES1,594.45,22,28.5,19,86.4,20,Wanda Metropolitano,68456,£-47.66m,Diego Simeone,https://www.transfermarkt.co.uk/atletico-madrid/startseite/verein/13
398,244,olympique-marseille,Olympique Marseille,FR1,227.34,28,24.3,17,60.7,13,Orange Vélodrome,67394,£-35.66m,Jorge Sampaoli,https://www.transfermarkt.co.uk/olympique-marseille/startseite/verein/244
399,667,rc-strassburg-alsace,Rc Strassburg Alsace,FR1,91.8,24,26.2,9,37.5,5,Stade de la Meinau,29000,+£10.35m,Julien Stéphan,https://www.transfermarkt.co.uk/rc-strassburg-alsace/startseite/verein/667
